211,2,30.75,,L2 U2 R2 F2 L2 F' U2 B' L2 U2 B D2 R' F2 L D R' F2 D R,2005-06-12 02:55:00,30.75
212,0,47.34,,L2 U2 R2 F2 L2 F' U2 B' L2 U2 B D2 R' F2 L D R' F2 D R,2014-04-11 18:60:00,47.34
213,67,20.62,,L2 U2 R2 F2 L2 F' U2 B' L2 U2 B D2 R' F2 L D R' F2 D R,2016-07-27 23:03:00,20.62
214,4,37.67,,L2 U2 R2 F2 L2 F' U2 B' L2 U2 B D2 R' F2 L D R' F2 D R,1996-10-00 00:23:00,37.67
215,2,35.02,,L2 U2 R2 F2 L2 F' U2 B' L2 U2 B D2 R' F2 L D R' F2 D R,2002-09-25 13:58:00,35.02
216,3,19.74,,L2 B' U2 R' D2 L D2 R' B2 R' B2 R2 F2 R' D' U' R F' L' R2 U,2020-10-28 07:34:00,19.74
217,0,01.40,,L2 B' U2 R' D2 L D2 R' B2 R' B2 R2 F2 R' D' U' R F' L' R2 U,1994-04-29 14:29:00,01.40
218,3,35.53,,L2 B' U2 R' D2 L D2 R' B2 R' B2 R2 F2 R' D' U' R F' L' R2 U,2017-02-03 08:15:00,35.53
219,0,01.43,,R' F' U2 D' R D' F' R U' B2 D L2 F2 D' R2 U2 B2 R2 L2 U,1991-11-07 17:09:00,01.43
220,9,18.19,,L2 U2 R2 F2 L2 F' U2 B' L2 U2 B D2 R' F2 L D R' F2 D R,2009-10-01 21:53:00,18.19
221,8,35.87,,L2 B' U2 R' D2 L D2 R' B2 R' B2 R2 F2 R' D' U' R F' L' R2 U,1998-04-11 09:15:00,35.87
222,4,51.11,,R' F' U2 D' R D' F' R U' B2 D L2 F2 D' R2 U2 B2 R2 L2 U,1994-10-22 13:23:00,51.11
223,9,18.03,,R' F' U2 D' R D' F' R U' B2 D L2 F2 D' R2 U2 B2 R2 L2 U,1998-12-09 08:02:00,18.03
224,3,05.90,,L2 B' U2 R' D2 L D2 R' B2 R' B2 R2 F2 R' D' U' R F' L' R2 U,1990-00-18 06:07:00,05.90
225,9,38.37,,L2 B' U2 R' D2 L D2 R' B2 R' B2 R2 F2 R' D' U' R F' L' R2 U,2021-02-10 06:17:00,38.37
226,5,10.60,,R' F' U2 D' R D' F' R U' B2 D L2 F2 D' R2 U2 B2 R2 L2 U,1992-10-21 11:23:00,10.60
227,9,46.27,,L2 B' U2 R' D2 L D2 R' B2 R' B2 R2 F2 R' D' U' R F' L' R2 U,2010-08-20 15:24:00,46.27
228,67,11.85,,L2 U2 R2 F2 L2 F' U2 B' L2 U2 B D2 R' F2 L D R' F2 D R,1994-07-10 16:38:00,11.85
229,4,12.80,,L2 B' U2 R' D2 L D2 R' B2 R' B2 R2 F2 R' D' U' R F' L' R2 U,1999-09-22 20:04:00,12.80
230,3,03.97,,R' F' U2 D' R D' F' R U' B2 D L2 F2 D' R2 U2 B2 R2 L2 U,2001-01-30 04:03:00,03.97
231,0,41.82,,R' F' U2 D' R D' F' R U' B2 D L2 F2 D' R2 U2 B2 R2 L2 U,1990-07-01 00:00:00,41.82
232,8,21.30,,R' F' U2 D' R D' F' R U' B2 D L2 F2 D' R2 U2 B2 R2 L2 U,2011-02-04 24:48:00,21.30
233,0,20.38,,L2 B' U2 R' D2 L D2 R' B2 R' B2 R2 F2 R' D' U' R F' L' R2 U,1999-09-25 07:19:00,20.38
234,4,27.46,,L2 U2 R2 F2 L2 F' U2 B' L2 U2 B D2 R' F2 L D R' F2 D R,2003-06-19 14:51:00,27.46
235,2,56.16,,L2 U2 R2 F2 L2 F' U2 B' L2 U2 B D2 R' F2 L D R' F2 D R,1992-11-08 00:10:00,56.16
236,1,47.32,,L2 U2 R2 F2 L2 F' U2 B' L2 U2 B D2 R' F2 L D R' F2 D R,2012-11-28 11:38:00,47.32
237,2,49.86,,L2 B' U2 R' D2 L D2 R' B2 R' B2 R2 F2 R' D' U' R F' L' R2 U,2005-02-19 04:10:00,49.86
238,5,32.57,,L2 B' U2 R' D2 L D2 R' B2 R' B2 R2 F2 R' D' U' R F' L' R2 U,1998-07-06 06:30:00,32.57
239,8,52.53,,L2 U2 R2 F2 L2 F' U2 B' L2 U2 B D2 R' F2 L D R' F2 D R,1990-12-28 00:53:00,52.53
240,8,47.55,,R' F' U2 D' R D' F' R U' B2 D L2 F2 D' R2 U2 B2 R2 L2 U,2008-06-20 11:42:00,47.55
241,9,50.99,,R' F' U2 D' R D' F' R U' B2 D L2 F2 D' R2 U2 B2 R2 L2 U,2007-08-23 07:12:00,50.99
242,0,57.48,,R' F' U2 D' R D' F' R U' B2 D L2 F2 D' R2 U2 B2 R2 L2 U,2001-08-13 07:40:00,57.48
243,67,31.75,,L2 B' U2 R' D2 L D2 R' B2 R' B2 R2 F2 R' D' U' R F' L' R2 U,1996-03-04 13:11:00,31.75
244,8,47.15,,L2 B' U2 R' D2 L D2 R' B2 R' B2 R2 F2 R' D' U' R F' L' R2 U,2007-02-04 16:21:00,47.15
245,3,40.33,,L2 U2 R2 F2 L2 F' U2 B' L2 U2 B D2 R' F2 L D R' F2 D R,2013-09-28 03:19:00,40.33
246,8,22.80,,L2 U2 R2 F2 L2 F' U2 B' L2 U2 B D2 R' F2 L D R' F2 D R,2018-04-03 00:13:00,22.80
247,1,34.23,,R' F' U2 D' R D' F' R U' B2 D L2 F2 D' R2 U2 B2 R2 L2 U,2007-04-29 01:25:00,34.23
248,4,41.25,,L2 U2 R2 F2 L2 F' U2 B' L2 U2 B D2 R' F2 L D R' F2 D R,2004-12-12 14:29:00,41.25
249,8,29.48,,L2 B' U2 R' D2 L D2 R' B2 R' B2 R2 F2 R' D' U' R F' L' R2 U,2021-04-27 02:23:00,29.48
250,5,59.26,,L2 U2 R2 F2 L2 F' U2 B' L2 U2 B D2 R' F2 L D R' F2 D R,1993-10-30 12:11:00,59.26
251,1,43.24,,R' F' U2 D' R D' F' R U' B2 D L2 F2 D' R2 U2 B2 R2 L2 U,1993-07-03 06:55:00,43.24
252,0,39.09,,L2 U2 R2 F2 L2 F' U2 B' L2 U2 B D2 R' F2 L D R' F2 D R,2016-12-05 09:54:00,39.09
253,4,57.39,,L2 U2 R2 F2 L2 F' U2 B' L2 U2 B D2 R' F2 L D R' F2 D R,1991-11-23 11:07:00,57.39
254,8,59.19,,R' F' U2 D' R D' F' R U' B2 D L2 F2 D' R2 U2 B2 R2 L2 U,1991-01-02 00:32:00,59.19
255,67,32.98,,L2 B' U2 R' D2 L D2 R' B2 R' B2 R2 F2 R' D' U' R F' L' R2 U,2014-07-23 20:37:00,32.98
256,1,10.22,,L2 B' U2 R' D2 L D2 R' B2 R' B2 R2 F2 R' D' U' R F' L' R2 U,2004-05-00 02:56:00,10.22
257,8,01.25,,R' F' U2 D' R D' F' R U' B2 D L2 F2 D' R2 U2 B2 R2 L2 U,1997-11-07 11:08:00,01.25
258,9,57.99,,L2 U2 R2 F2 L2 F' U2 B' L2 U2 B D2 R' F2 L D R' F2 D R,2009-02-14 06:28:00,57.99
259,0,30.56,,L2 U2 R2 F2 L2 F' U2 B' L2 U2 B D2 R' F2 L D R' F2 D R,1993-09-08 07:01:00,30.56
260,1,51.11,,R' F' U2 D' R D' F' R U' B2 D L2 F2 D' R2 U2 B2 R2 L2 U,2010-05-12 11:48:00,51.11
261,3,01.84,,L2 U2 R2 F2 L2 F' U2 B' L2 U2 B D2 R' F2 L D R' F2 D R,1992-06-27 02:01:00,01.84
262,0,06.43,,L2 U2 R2 F2 L2 F' U2 B' L2 U2 B D2 R' F2 L D R' F2 D R,2015-01-17 09:44:00,06.43
263,1,08.82,,L2 B' U2 R' D2 L D2 R' B2 R' B2 R2 F2 R' D' U' R F' L' R2 U,2002-03-03 23:47:00,08.82
264,67,60.57,,R' F' U2 D' R D' F' R U' B2 D L2 F2 D' R2 U2 B2 R2 L2 U,1993-11-11 18:08:00,60.57
265,1,49.67,,L2 B' U2 R' D2 L D2 R' B2 R' B2 R2 F2 R' D' U' R F' L' R2 U,1997-08-17 17:21:00,49.67
266,3,05.94,,R' F' U2 D' R D' F' R U' B2 D L2 F2 D' R2 U2 B2 R2 L2 U,1993-12-02 21:02:00,05.94
267,3,23.87,,L2 U2 R2 F2 L2 F' U2 B' L2 U2 B D2 R' F2 L D R' F2 D R,2011-11-16 13:46:00,23.87
268,3,35.04,,L2 B' U2 R' D2 L D2 R' B2 R' B2 R2 F2 R' D' U' R F' L' R2 U,2008-10-06 16:44:00,35.04
269,2,40.57,,L2 B' U2 R' D2 L D2 R' B2 R' B2 R2 F2 R' D' U' R F' L' R2 U,2001-09-22 11:44:00,40.57
270,4,00.14,,L2 B' U2 R' D2 L D2 R' B2 R' B2 R2 F2 R' D' U' R F' L' R2 U,2014-11-11 17:20:00,00.14
271,67,52.78,,R' F' U2 D' R D' F' R U' B2 D L2 F2 D' R2 U2 B2 R2 L2 U,1997-08-00 05:40:00,52.78
272,0,08.54,,L2 B' U2 R' D2 L D2 R' B2 R' B2 R2 F2 R' D' U' R F' L' R2 U,1992-05-02 04:50:00,08.54
273,9,45.14,,L2 U2 R2 F2 L2 F' U2 B' L2 U2 B D2 R' F2 L D R' F2 D R,2008-11-22 08:60:00,45.14
274,2,54.38,,L2 U2 R2 F2 L2 F' U2 B' L2 U2 B D2 R' F2 L D R' F2 D R,2006-07-24 14:17:00,54.38
275,67,03.63,,L2 B' U2 R' D2 L D2 R' B2 R' B2 R2 F2 R' D' U' R F' L' R2 U,2017-08-18 10:06:00,03.63
276,2,22.70,,R' F' U2 D' R D' F' R U' B2 D L2 F2 D' R2 U2 B2 R2 L2 U,2002-11-00 00:30:00,22.70
277,1,10.95,,L2 U2 R2 F2 L2 F' U2 B' L2 U2 B D2 R' F2 L D R' F2 D R,2010-02-10 00:29:00,10.95
278,8,16.60,,L2 B' U2 R' D2 L D2 R' B2 R' B2 R2 F2 R' D' U' R F' L' R2 U,2001-08-27 01:27:00,16.60
279,9,10.33,,L2 B' U2 R' D2 L D2 R' B2 R' B2 R2 F2 R' D' U' R F' L' R2 U,1993-01-07 02:27:00,10.33
280,67,25.19,,L2 U2 R2 F2 L2 F' U2 B' L2 U2 B D2 R' F2 L D R' F2 D R,2002-06-26 21:60:00,25.19
281,8,47.47,,R' F' U2 D' R D' F' R U' B2 D L2 F2 D' R2 U2 B2 R2 L2 U,2001-02-06 17:60:00,47.47
282,5,26.42,,L2 U2 R2 F2 L2 F' U2 B' L2 U2 B D2 R' F2 L D R' F2 D R,1994-00-28 06:49:00,26.42
283,2,32.81,,R' F' U2 D' R D' F' R U' B2 D L2 F2 D' R2 U2 B2 R2 L2 U,2013-00-03 04:14:00,32.81
284,0,29.57,,L2 B' U2 R' D2 L D2 R' B2 R' B2 R2 F2 R' D' U' R F' L' R2 U,2003-02-03 07:56:00,29.57
285,8,50.05,,R' F' U2 D' R D' F' R U' B2 D L2 F2 D' R2 U2 B2 R2 L2 U,1995-01-03 07:16:00,50.05
286,1,31.57,,L2 B' U2 R' D2 L D2 R' B2 R' B2 R2 F2 R' D' U' R F' L' R2 U,1999-00-14 16:11:00,31.57
287,67,36.74,,L2 B' U2 R' D2 L D2 R' B2 R' B2 R2 F2 R' D' U' R F' L' R2 U,1998-02-14 07:41:00,36.74
288,1,24.46,,L2 U2 R2 F2 L2 F' U2 B' L2 U2 B D2 R' F2 L D R' F2 D R,1995-10-18 24:52:00,24.46
289,4,42.31,,L2 B' U2 R' D2 L D2 R' B2 R' B2 R2 F2 R' D' U' R F' L' R2 U,2010-11-19 23:55:00,42.31
290,2,37.31,,L2 U2 R2 F2 L2 F' U2 B' L2 U2 B D2 R' F2 L D R' F2 D R,1994-05-21 03:10:00,37.31
291,67,04.45,,L2 B' U2 R' D2 L D2 R' B2 R' B2 R2 F2 R' D' U' R F' L' R2 U,1990-08-15 09:10:00,04.45
292,8,16.92,,L2 U2 R2 F2 L2 F' U2 B' L2 U2 B D2 R' F2 L D R' F2 D R,2003-06-00 21:52:00,16.92
293,2,18.95,,L2 B' U2 R' D2 L D2 R' B2 R' B2 R2 F2 R' D' U' R F' L' R2 U,2000-07-22 07:03:00,18.95
294,2,54.92,,R' F' U2 D' R D' F' R U' B2 D L2 F2 D' R2 U2 B2 R2 L2 U,2002-07-14 18:08:00,54.92
295,4,04.85,,L2 B' U2 R' D2 L D2 R' B2 R' B2 R2 F2 R' D' U' R F' L' R2 U,2020-09-01 16:49:00,04.85
296,4,01.48,,R' F' U2 D' R D' F' R U' B2 D L2 F2 D' R2 U2 B2 R2 L2 U,2001-06-05 02:13:00,01.48
297,8,56.01,,L2 U2 R2 F2 L2 F' U2 B' L2 U2 B D2 R' F2 L D R' F2 D R,2003-02-06 05:31:00,56.01
298,67,49.35,,L2 B' U2 R' D2 L D2 R' B2 R' B2 R2 F2 R' D' U' R F' L' R2 U,2013-01-23 18:54:00,49.35
299,0,06.21,,L2 U2 R2 F2 L2 F' U2 B' L2 U2 B D2 R' F2 L D R' F2 D R,2011-05-02 12:09:00,06.21
300,5,55.46,,L2 U2 R2 F2 L2 F' U2 B' L2 U2 B D2 R' F2 L D R' F2 D R,1990-03-18 23:33:00,55.46
301,67,12.92,,R' F' U2 D' R D' F' R U' B2 D L2 F2 D' R2 U2 B2 R2 L2 U,1997-10-17 13:14:00,12.92
302,67,13.98,,R' F' U2 D' R D' F' R U' B2 D L2 F2 D' R2 U2 B2 R2 L2 U,2018-11-00 04:46:00,13.98
303,2,40.87,,L2 U2 R2 F2 L2 F' U2 B' L2 U2 B D2 R' F2 L D R' F2 D R,2014-10-17 04:10:00,40.87
304,4,47.35,,R' F' U2 D' R D' F' R U' B2 D L2 F2 D' R2 U2 B2 R2 L2 U,2020-07-16 24:06:00,47.35
305,9,26.25,,L2 U2 R2 F2 L2 F' U2 B' L2 U2 B D2 R' F2 L D R' F2 D R,2017-02-30 06:50:00,26.25
306,0,16.79,,R' F' U2 D' R D' F' R U' B2 D L2 F2 D' R2 U2 B2 R2 L2 U,2011-05-00 04:42:00,16.79
307,8,40.78,,L2 U2 R2 F2 L2 F' U2 B' L2 U2 B D2 R' F2 L D R' F2 D R,2020-05-30 21:51:00,40.78
308,1,21.74,,L2 U2 R2 F2 L2 F' U2 B' L2 U2 B D2 R' F2 L D R' F2 D R,2018-03-03 04:01:00,21.74
309,3,00.72,,R' F' U2 D' R D' F' R U' B2 D L2 F2 D' R2 U2 B2 R2 L2 U,2001-02-19 06:47:00,00.72
310,1,05.08,,L2 B' U2 R' D2 L D2 R' B2 R' B2 R2 F2 R' D' U' R F' L' R2 U,1997-06-22 00:41:00,05.08
311,4,58.90,,L2 U2 R2 F2 L2 F' U2 B' L2 U2 B D2 R' F2 L D R' F2 D R,2009-07-07 12:46:00,58.90
312,67,06.76,,L2 U2 R2 F2 L2 F' U2 B' L2 U2 B D2 R' F2 L D R' F2 D R,1996-06-06 19:03:00,06.76
313,67,55.33,,L2 U2 R2 F2 L2 F' U2 B' L2 U2 B D2 R' F2 L D R' F2 D R,2001-01-15 11:30:00,55.33
314,67,39.72,,R' F' U2 D' R D' F' R U' B2 D L2 F2 D' R2 U2 B2 R2 L2 U,2011-12-03 04:27:00,39.72
315,3,17.41,,R' F' U2 D' R D' F' R U' B2 D L2 F2 D' R2 U2 B2 R2 L2 U,2008-06-17 18:43:00,17.41
316,4,57.28,,L2 U2 R2 F2 L2 F' U2 B' L2 U2 B D2 R' F2 L D R' F2 D R,2021-10-05 01:19:00,57.28
317,5,03.34,,L2 U2 R2 F2 L2 F' U2 B' L2 U2 B D2 R' F2 L D R' F2 D R,2008-00-11 04:46:00,03.34
318,8,43.53,,L2 B' U2 R' D2 L D2 R' B2 R' B2 R2 F2 R' D' U' R F' L' R2 U,1991-09-07 17:59:00,43.53
319,3,24.53,,L2 U2 R2 F2 L2 F' U2 B' L2 U2 B D2 R' F2 L D R' F2 D R,2018-09-14 16:46:00,24.53
320,4,27.22,,L2 B' U2 R' D2 L D2 R' B2 R' B2 R2 F2 R' D' U' R F' L' R2 U,1994-04-22 24:53:00,27.22
321,8,54.70,,L2 U2 R2 F2 L2 F' U2 B' L2 U2 B D2 R' F2 L D R' F2 D R,2015-04-03 03:14:00,54.70
322,9,13.99,,R' F' U2 D' R D' F' R U' B2 D L2 F2 D' R2 U2 B2 R2 L2 U,1998-02-20 05:40:00,13.99
323,3,01.16,,L2 U2 R2 F2 L2 F' U2 B' L2 U2 B D2 R' F2 L D R' F2 D R,2019-07-17 19:09:00,01.16
324,5,05.57,,R' F' U2 D' R D' F' R U' B2 D L2 F2 D' R2 U2 B2 R2 L2 U,1995-01-06 23:18:00,05.57
325,0,38.99,,L2 B' U2 R' D2 L D2 R' B2 R' B2 R2 F2 R' D' U' R F' L' R2 U,1996-06-09 06:46:00,38.99
326,5,56.81,,L2 B' U2 R' D2 L D2 R' B2 R' B2 R2 F2 R' D' U' R F' L' R2 U,2005-05-14 00:25:00,56.81
327,8,39.33,,L2 B' U2 R' D2 L D2 R' B2 R' B2 R2 F2 R' D' U' R F' L' R2 U,2005-06-22 16:54:00,39.33
328,0,04.34,,L2 U2 R2 F2 L2 F' U2 B' L2 U2 B D2 R' F2 L D R' F2 D R,2010-02-25 18:26:00,04.34
329,9,00.68,,L2 B' U2 R' D2 L D2 R' B2 R' B2 R2 F2 R' D' U' R F' L' R2 U,2021-12-06 19:59:00,00.68
330,8,13.24,,L2 B' U2 R' D2 L D2 R' B2 R' B2 R2 F2 R' D' U' R F' L' R2 U,1993-06-07 09:29:00,13.24
331,67,39.98,,L2 U2 R2 F2 L2 F' U2 B' L2 U2 B D2 R' F2 L D R' F2 D R,2020-07-25 08:23:00,39.98
332,9,20.70,,L2 U2 R2 F2 L2 F' U2 B' L2 U2 B D2 R' F2 L D R' F2 D R,2010-03-00 14:00:00,20.70
333,9,21.76,,R' F' U2 D' R D' F' R U' B2 D L2 F2 D' R2 U2 B2 R2 L2 U,1995-04-30 14:51:00,21.76
334,4,39.96,,L2 U2 R2 F2 L2 F' U2 B' L2 U2 B D2 R' F2 L D R' F2 D R,2000-03-20 21:04:00,39.96
335,4,19.19,,R' F' U2 D' R D' F' R U' B2 D L2 F2 D' R2 U2 B2 R2 L2 U,2016-02-03 19:35:00,19.19
336,2,36.51,,L2 B' U2 R' D2 L D2 R' B2 R' B2 R2 F2 R' D' U' R F' L' R2 U,2019-01-09 20:19:00,36.51
337,2,03.08,,R' F' U2 D' R D' F' R U' B2 D L2 F2 D' R2 U2 B2 R2 L2 U,2019-03-16 20:13:00,03.08
338,9,04.78,,L2 B' U2 R' D2 L D2 R' B2 R' B2 R2 F2 R' D' U' R F' L' R2 U,2018-01-24 08:11:00,04.78
339,5,40.96,,L2 B' U2 R' D2 L D2 R' B2 R' B2 R2 F2 R' D' U' R F' L' R2 U,2018-06-17 20:08:00,40.96
340,5,05.99,,L2 B' U2 R' D2 L D2 R' B2 R' B2 R2 F2 R' D' U' R F' L' R2 U,2012-09-21 04:15:00,05.99
341,2,00.49,,L2 B' U2 R' D2 L D2 R' B2 R' B2 R2 F2 R' D' U' R F' L' R2 U,2012-11-17 20:59:00,00.49
342,4,57.08,,L2 U2 R2 F2 L2 F' U2 B' L2 U2 B D2 R' F2 L D R' F2 D R,2006-06-14 11:11:00,57.08
343,2,22.02,,L2 B' U2 R' D2 L D2 R' B2 R' B2 R2 F2 R' D' U' R F' L' R2 U,2013-12-30 16:20:00,22.02
344,1,18.17,,R' F' U2 D' R D' F' R U' B2 D L2 F2 D' R2 U2 B2 R2 L2 U,2007-01-00 20:41:00,18.17
345,4,19.24,,L2 B' U2 R' D2 L D2 R' B2 R' B2 R2 F2 R' D' U' R F' L' R2 U,2003-00-02 12:39:00,19.24
346,9,24.99,,L2 U2 R2 F2 L2 F' U2 B' L2 U2 B D2 R' F2 L D R' F2 D R,2020-12-10 17:48:00,24.99
347,9,40.33,,R' F' U2 D' R D' F' R U' B2 D L2 F2 D' R2 U2 B2 R2 L2 U,2001-10-10 16:20:00,40.33
348,9,48.48,,R' F' U2 D' R D' F' R U' B2 D L2 F2 D' R2 U2 B2 R2 L2 U,1999-04-27 04:24:00,48.48
349,0,48.31,,L2 U2 R2 F2 L2 F' U2 B' L2 U2 B D2 R' F2 L D R' F2 D R,2020-09-23 20:32:00,48.31
350,2,07.28,,L2 B' U2 R' D2 L D2 R' B2 R' B2 R2 F2 R' D' U' R F' L' R2 U,2003-06-21 14:25:00,07.28
351,5,17.06,,L2 B' U2 R' D2 L D2 R' B2 R' B2 R2 F2 R' D' U' R F' L' R2 U,1998-09-16 05:03:00,17.06
352,67,07.37,,L2 B' U2 R' D2 L D2 R' B2 R' B2 R2 F2 R' D' U' R F' L' R2 U,1991-12-18 07:04:00,07.37
353,5,13.38,,L2 B' U2 R' D2 L D2 R' B2 R' B2 R2 F2 R' D' U' R F' L' R2 U,2017-10-10 09:58:00,13.38
354,67,39.67,,L2 U2 R2 F2 L2 F' U2 B' L2 U2 B D2 R' F2 L D R' F2 D R,2006-04-20 10:51:00,39.67
355,0,28.49,,R' F' U2 D' R D' F' R U' B2 D L2 F2 D' R2 U2 B2 R2 L2 U,1999-09-08 00:45:00,28.49
356,3,24.90,,R' F' U2 D' R D' F' R U' B2 D L2 F2 D' R2 U2 B2 R2 L2 U,2010-10-29 01:53:00,24.90
357,5,55.66,,R' F' U2 D' R D' F' R U' B2 D L2 F2 D' R2 U2 B2 R2 L2 U,2010-09-07 09:42:00,55.66
358,5,38.13,,L2 U2 R2 F2 L2 F' U2 B' L2 U2 B D2 R' F2 L D R' F2 D R,1990-02-26 06:25:00,38.13
359,3,26.55,,R' F' U2 D' R D' F' R U' B2 D L2 F2 D' R2 U2 B2 R2 L2 U,1993-11-27 15:23:00,26.55
360,0,05.16,,L2 U2 R2 F2 L2 F' U2 B' L2 U2 B D2 R' F2 L D R' F2 D R,2018-01-27 13:25:00,05.16
361,0,07.99,,L2 U2 R2 F2 L2 F' U2 B' L2 U2 B D2 R' F2 L D R' F2 D R,2007-04-16 16:05:00,07.99
362,9,59.61,,R' F' U2 D' R D' F' R U' B2 D L2 F2 D' R2 U2 B2 R2 L2 U,2000-05-22 00:52:00,59.61
363,3,09.41,,R' F' U2 D' R D' F' R U' B2 D L2 F2 D' R2 U2 B2 R2 L2 U,2001-05-26 20:06:00,09.41
364,67,21.36,,R' F' U2 D' R D' F' R U' B2 D L2 F2 D' R2 U2 B2 R2 L2 U,2006-00-29 01:53:00,21.36
365,67,15.13,,R' F' U2 D' R D' F' R U' B2 D L2 F2 D' R2 U2 B2 R2 L2 U,2012-05-14 09:35:00,15.13
366,8,14.54,,L2 B' U2 R' D2 L D2 R' B2 R' B2 R2 F2 R' D' U' R F' L' R2 U,2017-12-27 23:27:00,14.54
367,5,20.90,,L2 B' U2 R' D2 L D2 R' B2 R' B2 R2 F2 R' D' U' R F' L' R2 U,2018-06-21 19:15:00,20.90
368,4,08.06,,L2 U2 R2 F2 L2 F' U2 B' L2 U2 B D2 R' F2 L D R' F2 D R,1997-08-00 02:59:00,08.06
369,1,45.86,,R' F' U2 D' R D' F' R U' B2 D L2 F2 D' R2 U2 B2 R2 L2 U,2018-01-10 22:23:00,45.86
370,2,54.64,,R' F' U2 D' R D' F' R U' B2 D L2 F2 D' R2 U2 B2 R2 L2 U,2017-06-28 03:55:00,54.64
371,4,19.89,,L2 B' U2 R' D2 L D2 R' B2 R' B2 R2 F2 R' D' U' R F' L' R2 U,2018-12-28 03:48:00,19.89
372,3,01.26,,L2 B' U2 R' D2 L D2 R' B2 R' B2 R2 F2 R' D' U' R F' L' R2 U,1993-08-12 11:26:00,01.26
373,3,54.10,,L2 U2 R2 F2 L2 F' U2 B' L2 U2 B D2 R' F2 L D R' F2 D R,2007-06-08 18:24:00,54.10
374,0,36.86,,L2 U2 R2 F2 L2 F' U2 B' L2 U2 B D2 R' F2 L D R' F2 D R,1998-10-29 04:54:00,36.86
375,2,13.64,,R' F' U2 D' R D' F' R U' B2 D L2 F2 D' R2 U2 B2 R2 L2 U,2018-10-13 14:14:00,13.64
376,5,56.98,,L2 U2 R2 F2 L2 F' U2 B' L2 U2 B D2 R' F2 L D R' F2 D R,2012-10-26 12:38:00,56.98
377,2,33.15,,R' F' U2 D' R D' F' R U' B2 D L2 F2 D' R2 U2 B2 R2 L2 U,2008-02-30 09:58:00,33.15
378,1,48.79,,L2 U2 R2 F2 L2 F' U2 B' L2 U2 B D2 R' F2 L D R' F2 D R,2000-01-07 00:54:00,48.79
379,4,15.77,,L2 U2 R2 F2 L2 F' U2 B' L2 U2 B D2 R' F2 L D R' F2 D R,2008-04-20 03:25:00,15.77
380,9,57.78,,R' F' U2 D' R D' F' R U' B2 D L2 F2 D' R2 U2 B2 R2 L2 U,2019-02-12 00:18:00,57.78
381,5,10.06,,R' F' U2 D' R D' F' R U' B2 D L2 F2 D' R2 U2 B2 R2 L2 U,1997-08-24 00:11:00,10.06
382,1,38.31,,L2 B' U2 R' D2 L D2 R' B2 R' B2 R2 F2 R' D' U' R F' L' R2 U,2012-03-17 15:49:00,38.31
383,67,13.66,,L2 U2 R2 F2 L2 F' U2 B' L2 U2 B D2 R' F2 L D R' F2 D R,2004-01-10 15:43:00,13.66
384,0,10.89,,L2 U2 R2 F2 L2 F' U2 B' L2 U2 B D2 R' F2 L D R' F2 D R,2012-05-30 21:04:00,10.89
385,3,05.81,,L2 U2 R2 F2 L2 F' U2 B' L2 U2 B D2 R' F2 L D R' F2 D R,2000-11-27 00:50:00,05.81
386,0,40.58,,L2 U2 R2 F2 L2 F' U2 B' L2 U2 B D2 R' F2 L D R' F2 D R,1997-11-16 12:26:00,40.58
387,0,00.28,,L2 B' U2 R' D2 L D2 R' B2 R' B2 R2 F2 R' D' U' R F' L' R2 U,2020-08-04 17:03:00,00.28
388,1,43.21,,L2 B' U2 R' D2 L D2 R' B2 R' B2 R2 F2 R' D' U' R F' L' R2 U,2019-01-16 13:14:00,43.21
389,5,00.31,,L2 U2 R2 F2 L2 F' U2 B' L2 U2 B D2 R' F2 L D R' F2 D R,2017-08-00 14:15:00,00.31
390,2,18.24,,R' F' U2 D' R D' F' R U' B2 D L2 F2 D' R2 U2 B2 R2 L2 U,2014-06-04 09:26:00,18.24
391,8,24.78,,L2 U2 R2 F2 L2 F' U2 B' L2 U2 B D2 R' F2 L D R' F2 D R,1991-03-14 12:16:00,24.78
392,8,13.10,,L2 B' U2 R' D2 L D2 R' B2 R' B2 R2 F2 R' D' U' R F' L' R2 U,2019-05-23 18:01:00,13.10
393,9,27.84,,R' F' U2 D' R D' F' R U' B2 D L2 F2 D' R2 U2 B2 R2 L2 U,2001-00-16 09:34:00,27.84
394,5,16.07,,L2 U2 R2 F2 L2 F' U2 B' L2 U2 B D2 R' F2 L D R' F2 D R,1993-01-30 19:23:00,16.07
395,5,29.14,,L2 B' U2 R' D2 L D2 R' B2 R' B2 R2 F2 R' D' U' R F' L' R2 U,1999-00-09 12:05:00,29.14
396,1,56.98,,L2 U2 R2 F2 L2 F' U2 B' L2 U2 B D2 R' F2 L D R' F2 D R,2009-02-21 00:09:00,56.98
397,2,22.03,,L2 U2 R2 F2 L2 F' U2 B' L2 U2 B D2 R' F2 L D R' F2 D R,2012-00-26 01:20:00,22.03
398,0,60.38,,R' F' U2 D' R D' F' R U' B2 D L2 F2 D' R2 U2 B2 R2 L2 U,2016-06-28 14:24:00,60.38
399,67,12.58,,L2 B' U2 R' D2 L D2 R' B2 R' B2 R2 F2 R' D' U' R F' L' R2 U,2004-00-00 04:31:00,12.58
400,3,14.69,,R' F' U2 D' R D' F' R U' B2 D L2 F2 D' R2 U2 B2 R2 L2 U,2006-04-11 03:47:00,14.69
401,67,55.31,,R' F' U2 D' R D' F' R U' B2 D L2 F2 D' R2 U2 B2 R2 L2 U,1996-02-15 13:53:00,55.31
402,5,51.35,,L2 U2 R2 F2 L2 F' U2 B' L2 U2 B D2 R' F2 L D R' F2 D R,2000-12-16 00:54:00,51.35
403,0,13.16,,L2 U2 R2 F2 L2 F' U2 B' L2 U2 B D2 R' F2 L D R' F2 D R,2018-08-28 20:48:00,13.16
404,3,19.19,,L2 U2 R2 F2 L2 F' U2 B' L2 U2 B D2 R' F2 L D R' F2 D R,2020-08-24 13:00:00,19.19
405,0,41.64,,L2 U2 R2 F2 L2 F' U2 B' L2 U2 B D2 R' F2 L D R' F2 D R,2000-03-22 19:10:00,41.64
406,4,21.79,,L2 U2 R2 F2 L2 F' U2 B' L2 U2 B D2 R' F2 L D R' F2 D R,1992-10-26 20:49:00,21.79
407,4,22.64,,R' F' U2 D' R D' F' R U' B2 D L2 F2 D' R2 U2 B2 R2 L2 U,2008-11-30 13:52:00,22.64
408,4,56.37,,L2 B' U2 R' D2 L D2 R' B2 R' B2 R2 F2 R' D' U' R F' L' R2 U,2020-08-25 21:11:00,56.37
409,8,58.23,,L2 B' U2 R' D2 L D2 R' B2 R' B2 R2 F2 R' D' U' R F' L' R2 U,1993-04-19 15:20:00,58.23
410,3,29.50,,L2 B' U2 R' D2 L D2 R' B2 R' B2 R2 F2 R' D' U' R F' L' R2 U,2008-12-21 01:00:00,29.50
411,67,58.43,,L2 U2 R2 F2 L2 F' U2 B' L2 U2 B D2 R' F2 L D R' F2 D R,2013-10-13 09:39:00,58.43
412,8,04.50,,L2 B' U2 R' D2 L D2 R' B2 R' B2 R2 F2 R' D' U' R F' L' R2 U,1999-02-23 13:58:00,04.50
413,5,41.03,,R' F' U2 D' R D' F' R U' B2 D L2 F2 D' R2 U2 B2 R2 L2 U,2010-09-13 00:60:00,41.03
414,5,25.19,,L2 B' U2 R' D2 L D2 R' B2 R' B2 R2 F2 R' D' U' R F' L' R2 U,1991-07-28 02:05:00,25.19
415,4,13.40,,R' F' U2 D' R D' F' R U' B2 D L2 F2 D' R2 U2 B2 R2 L2 U,1997-11-27 19:54:00,13.40
416,2,12.87,,L2 U2 R2 F2 L2 F' U2 B' L2 U2 B D2 R' F2 L D R' F2 D R,2006-03-05 11:57:00,12.87
417,9,46.80,,L2 B' U2 R' D2 L D2 R' B2 R' B2 R2 F2 R' D' U' R F' L' R2 U,2004-04-07 18:03:00,46.80
418,9,14.99,,R' F' U2 D' R D' F' R U' B2 D L2 F2 D' R2 U2 B2 R2 L2 U,2010-04-02 08:02:00,14.99
419,67,36.13,,L2 U2 R2 F2 L2 F' U2 B' L2 U2 B D2 R' F2 L D R' F2 D R,1992-00-29 11:16:00,36.13
420,8,42.16,,R' F' U2 D' R D' F' R U' B2 D L2 F2 D' R2 U2 B2 R2 L2 U,2021-01-20 03:08:00,42.16
421,1,37.06,,L2 U2 R2 F2 L2 F' U2 B' L2 U2 B D2 R' F2 L D R' F2 D R,1991-06-18 15:50:00,37.06
422,0,13.33,,L2 B' U2 R' D2 L D2 R' B2 R' B2 R2 F2 R' D' U' R F' L' R2 U,1993-05-28 23:54:00,13.33
423,5,26.89,,R' F' U2 D' R D' F' R U' B2 D L2 F2 D' R2 U2 B2 R2 L2 U,2014-08-21 15:37:00,26.89
424,2,21.20,,L2 U2 R2 F2 L2 F' U2 B' L2 U2 B D2 R' F2 L D R' F2 D R,2019-07-09 05:54:00,21.20
425,1,49.17,,L2 B' U2 R' D2 L D2 R' B2 R' B2 R2 F2 R' D' U' R F' L' R2 U,1999-02-19 06:14:00,49.17
426,3,40.85,,L2 U2 R2 F2 L2 F' U2 B' L2 U2 B D2 R' F2 L D R' F2 D R,1998-10-10 21:51:00,40.85
427,8,03.06,,L2 B' U2 R' D2 L D2 R' B2 R' B2 R2 F2 R' D' U' R F' L' R2 U,1997-09-14 23:30:00,03.06
428,1,09.67,,L2 U2 R2 F2 L2 F' U2 B' L2 U2 B D2 R' F2 L D R' F2 D R,1994-08-19 15:11:00,09.67
429,4,02.97,,L2 U2 R2 F2 L2 F' U2 B' L2 U2 B D2 R' F2 L D R' F2 D R,2014-00-30 08:13:00,02.97
430,5,38.34,,L2 U2 R2 F2 L2 F' U2 B' L2 U2 B D2 R' F2 L D R' F2 D R,2005-11-16 09:07:00,38.34
431,2,42.85,,L2 B' U2 R' D2 L D2 R' B2 R' B2 R2 F2 R' D' U' R F' L' R2 U,2001-12-28 12:52:00,42.85
432,4,54.34,,L2 B' U2 R' D2 L D2 R' B2 R' B2 R2 F2 R' D' U' R F' L' R2 U,1997-06-17 16:53:00,54.34
433,67,34.40,,L2 B' U2 R' D2 L D2 R' B2 R' B2 R2 F2 R' D' U' R F' L' R2 U,2014-05-19 23:50:00,34.40
434,0,02.33,,R' F' U2 D' R D' F' R U' B2 D L2 F2 D' R2 U2 B2 R2 L2 U,2012-08-26 03:34:00,02.33
435,0,34.36,,L2 B' U2 R' D2 L D2 R' B2 R' B2 R2 F2 R' D' U' R F' L' R2 U,2010-04-20 15:50:00,34.36
436,1,31.91,,R' F' U2 D' R D' F' R U' B2 D L2 F2 D' R2 U2 B2 R2 L2 U,2004-02-13 13:36:00,31.91
437,4,15.10,,L2 U2 R2 F2 L2 F' U2 B' L2 U2 B D2 R' F2 L D R' F2 D R,1993-11-08 11:50:00,15.10
438,8,31.49,,L2 U2 R2 F2 L2 F' U2 B' L2 U2 B D2 R' F2 L D R' F2 D R,1995-05-29 00:56:00,31.49
439,3,33.11,,L2 B' U2 R' D2 L D2 R' B2 R' B2 R2 F2 R' D' U' R F' L' R2 U,2000-05-17 07:29:00,33.11
440,67,45.60,,L2 B' U2 R' D2 L D2 R' B2 R' B2 R2 F2 R' D' U' R F' L' R2 U,2006-09-20 10:24:00,45.60
441,4,02.78,,L2 U2 R2 F2 L2 F' U2 B' L2 U2 B D2 R' F2 L D R' F2 D R,1990-01-00 15:44:00,02.78
442,9,26.11,,L2 B' U2 R' D2 L D2 R' B2 R' B2 R2 F2 R' D' U' R F' L' R2 U,2018-07-30 15:56:00,26.11
443,2,31.26,,R' F' U2 D' R D' F' R U' B2 D L2 F2 D' R2 U2 B2 R2 L2 U,1998-03-23 04:16:00,31.26
444,67,07.29,,L2 U2 R2 F2 L2 F' U2 B' L2 U2 B D2 R' F2 L D R' F2 D R,2001-08-21 04:59:00,07.29
445,67,56.96,,L2 U2 R2 F2 L2 F' U2 B' L2 U2 B D2 R' F2 L D R' F2 D R,2005-00-29 04:20:00,56.96
446,3,23.37,,L2 B' U2 R' D2 L D2 R' B2 R' B2 R2 F2 R' D' U' R F' L' R2 U,1996-01-21 20:50:00,23.37
447,1,03.17,,L2 U2 R2 F2 L2 F' U2 B' L2 U2 B D2 R' F2 L D R' F2 D R,1993-02-04 07:17:00,03.17
448,8,31.67,,L2 B' U2 R' D2 L D2 R' B2 R' B2 R2 F2 R' D' U' R F' L' R2 U,2011-08-09 24:35:00,31.67
449,3,01.17,,R' F' U2 D' R D' F' R U' B2 D L2 F2 D' R2 U2 B2 R2 L2 U,2005-05-13 01:60:00,01.17
450,8,47.74,,R' F' U2 D' R D' F' R U' B2 D L2 F2 D' R2 U2 B2 R2 L2 U,2020-05-14 09:55:00,47.74
451,4,56.28,,R' F' U2 D' R D' F' R U' B2 D L2 F2 D' R2 U2 B2 R2 L2 U,2000-05-07 03:48:00,56.28
452,5,42.57,,L2 U2 R2 F2 L2 F' U2 B' L2 U2 B D2 R' F2 L D R' F2 D R,2012-07-16 17:14:00,42.57
453,2,16.53,,L2 B' U2 R' D2 L D2 R' B2 R' B2 R2 F2 R' D' U' R F' L' R2 U,1992-05-08 05:04:00,16.53
454,3,29.48,,L2 B' U2 R' D2 L D2 R' B2 R' B2 R2 F2 R' D' U' R F' L' R2 U,2005-11-03 00:44:00,29.48
455,9,09.37,,L2 B' U2 R' D2 L D2 R' B2 R' B2 R2 F2 R' D' U' R F' L' R2 U,2008-10-11 22:40:00,09.37
456,1,03.83,,L2 B' U2 R' D2 L D2 R' B2 R' B2 R2 F2 R' D' U' R F' L' R2 U,1996-11-25 10:50:00,03.83
457,5,35.05,,R' F' U2 D' R D' F' R U' B2 D L2 F2 D' R2 U2 B2 R2 L2 U,1994-10-03 03:57:00,35.05
458,4,38.81,,L2 U2 R2 F2 L2 F' U2 B' L2 U2 B D2 R' F2 L D R' F2 D R,2017-00-17 20:51:00,38.81
459,3,23.72,,R' F' U2 D' R D' F' R U' B2 D L2 F2 D' R2 U2 B2 R2 L2 U,1998-12-24 20:26:00,23.72
460,4,20.64,,R' F' U2 D' R D' F' R U' B2 D L2 F2 D' R2 U2 B2 R2 L2 U,1992-04-22 15:22:00,20.64
461,0,17.45,,R' F' U2 D' R D' F' R U' B2 D L2 F2 D' R2 U2 B2 R2 L2 U,2003-11-05 23:10:00,17.45
462,4,38.42,,L2 B' U2 R' D2 L D2 R' B2 R' B2 R2 F2 R' D' U' R F' L' R2 U,1995-00-01 20:10:00,38.42
463,1,37.35,,L2 U2 R2 F2 L2 F' U2 B' L2 U2 B D2 R' F2 L D R' F2 D R,1995-01-25 17:00:00,37.35
464,5,10.25,,R' F' U2 D' R D' F' R U' B2 D L2 F2 D' R2 U2 B2 R2 L2 U,1990-11-20 04:33:00,10.25
465,0,13.90,,R' F' U2 D' R D' F' R U' B2 D L2 F2 D' R2 U2 B2 R2 L2 U,2020-09-11 02:31:00,13.90
466,2,48.03,,R' F' U2 D' R D' F' R U' B2 D L2 F2 D' R2 U2 B2 R2 L2 U,1994-12-23 00:46:00,48.03
467,8,58.43,,L2 U2 R2 F2 L2 F' U2 B' L2 U2 B D2 R' F2 L D R' F2 D R,2010-02-22 09:35:00,58.43
468,9,22.57,,R' F' U2 D' R D' F' R U' B2 D L2 F2 D' R2 U2 B2 R2 L2 U,2007-06-24 04:58:00,22.57
469,3,44.52,,L2 U2 R2 F2 L2 F' U2 B' L2 U2 B D2 R' F2 L D R' F2 D R,2012-09-06 09:56:00,44.52
470,9,54.85,,L2 U2 R2 F2 L2 F' U2 B' L2 U2 B D2 R' F2 L D R' F2 D R,1997-01-16 14:25:00,54.85
471,2,36.37,,L2 U2 R2 F2 L2 F' U2 B' L2 U2 B D2 R' F2 L D R' F2 D R,2019-02-09 24:02:00,36.37
472,8,17.69,,L2 B' U2 R' D2 L D2 R' B2 R' B2 R2 F2 R' D' U' R F' L' R2 U,1996-06-12 18:22:00,17.69
473,2,55.00,,R' F' U2 D' R D' F' R U' B2 D L2 F2 D' R2 U2 B2 R2 L2 U,1993-10-25 19:07:00,55.00
474,0,35.48,,R' F' U2 D' R D' F' R U' B2 D L2 F2 D' R2 U2 B2 R2 L2 U,2002-04-06 01:47:00,35.48
475,9,03.73,,R' F' U2 D' R D' F' R U' B2 D L2 F2 D' R2 U2 B2 R2 L2 U,2000-05-26 03:05:00,03.73
476,3,31.95,,L2 U2 R2 F2 L2 F' U2 B' L2 U2 B D2 R' F2 L D R' F2 D R,2001-11-00 11:09:00,31.95
477,1,20.05,,R' F' U2 D' R D' F' R U' B2 D L2 F2 D' R2 U2 B2 R2 L2 U,2007-00-04 24:52:00,20.05
478,8,51.47,,L2 U2 R2 F2 L2 F' U2 B' L2 U2 B D2 R' F2 L D R' F2 D R,2006-05-15 17:43:00,51.47
479,2,46.31,,L2 B' U2 R' D2 L D2 R' B2 R' B2 R2 F2 R' D' U' R F' L' R2 U,2013-03-13 21:22:00,46.31
480,3,16.91,,R' F' U2 D' R D' F' R U' B2 D L2 F2 D' R2 U2 B2 R2 L2 U,2005-04-01 14:25:00,16.91
481,0,59.47,,L2 U2 R2 F2 L2 F' U2 B' L2 U2 B D2 R' F2 L D R' F2 D R,2021-11-15 13:29:00,59.47
482,2,33.94,,L2 B' U2 R' D2 L D2 R' B2 R' B2 R2 F2 R' D' U' R F' L' R2 U,2000-00-24 13:21:00,33.94
483,67,10.27,,L2 B' U2 R' D2 L D2 R' B2 R' B2 R2 F2 R' D' U' R F' L' R2 U,1995-00-22 21:50:00,10.27
484,8,19.62,,L2 U2 R2 F2 L2 F' U2 B' L2 U2 B D2 R' F2 L D R' F2 D R,2018-05-13 21:16:00,19.62
485,0,23.29,,L2 B' U2 R' D2 L D2 R' B2 R' B2 R2 F2 R' D' U' R F' L' R2 U,2020-03-16 07:10:00,23.29
486,67,04.41,,L2 U2 R2 F2 L2 F' U2 B' L2 U2 B D2 R' F2 L D R' F2 D R,1998-05-09 18:12:00,04.41
487,1,21.22,,L2 U2 R2 F2 L2 F' U2 B' L2 U2 B D2 R' F2 L D R' F2 D R,2021-01-11 03:16:00,21.22
488,8,37.32,,L2 B' U2 R' D2 L D2 R' B2 R' B2 R2 F2 R' D' U' R F' L' R2 U,2015-03-12 13:34:00,37.32
489,3,12.51,,R' F' U2 D' R D' F' R U' B2 D L2 F2 D' R2 U2 B2 R2 L2 U,2019-08-23 07:55:00,12.51
490,2,28.72,,L2 B' U2 R' D2 L D2 R' B2 R' B2 R2 F2 R' D' U' R F' L' R2 U,2016-02-15 19:55:00,28.72
491,67,39.72,,L2 B' U2 R' D2 L D2 R' B2 R' B2 R2 F2 R' D' U' R F' L' R2 U,2005-00-27 13:59:00,39.72
492,9,06.14,,L2 U2 R2 F2 L2 F' U2 B' L2 U2 B D2 R' F2 L D R' F2 D R,1999-11-12 05:52:00,06.14
493,3,35.21,,R' F' U2 D' R D' F' R U' B2 D L2 F2 D' R2 U2 B2 R2 L2 U,2005-09-08 03:02:00,35.21
494,9,30.17,,L2 U2 R2 F2 L2 F' U2 B' L2 U2 B D2 R' F2 L D R' F2 D R,2018-07-01 24:27:00,30.17
495,67,33.40,,L2 B' U2 R' D2 L D2 R' B2 R' B2 R2 F2 R' D' U' R F' L' R2 U,2012-11-28 00:04:00,33.40
496,2,58.93,,L2 B' U2 R' D2 L D2 R' B2 R' B2 R2 F2 R' D' U' R F' L' R2 U,2006-02-18 15:28:00,58.93
497,4,28.32,,L2 B' U2 R' D2 L D2 R' B2 R' B2 R2 F2 R' D' U' R F' L' R2 U,2019-12-29 09:56:00,28.32
498,67,45.76,,L2 U2 R2 F2 L2 F' U2 B' L2 U2 B D2 R' F2 L D R' F2 D R,2016-02-28 02:51:00,45.76
499,1,43.12,,L2 U2 R2 F2 L2 F' U2 B' L2 U2 B D2 R' F2 L D R' F2 D R,2011-03-01 05:11:00,43.12
500,8,02.28,,R' F' U2 D' R D' F' R U' B2 D L2 F2 D' R2 U2 B2 R2 L2 U,2012-02-19 06:23:00,02.28
501,5,22.71,,L2 B' U2 R' D2 L D2 R' B2 R' B2 R2 F2 R' D' U' R F' L' R2 U,2006-09-12 23:13:00,22.71
502,8,39.06,,R' F' U2 D' R D' F' R U' B2 D L2 F2 D' R2 U2 B2 R2 L2 U,2004-07-19 22:15:00,39.06
503,1,02.12,,R' F' U2 D' R D' F' R U' B2 D L2 F2 D' R2 U2 B2 R2 L2 U,1996-11-05 20:21:00,02.12
504,4,20.01,,L2 B' U2 R' D2 L D2 R' B2 R' B2 R2 F2 R' D' U' R F' L' R2 U,1991-07-14 09:53:00,20.01
505,1,55.95,,R' F' U2 D' R D' F' R U' B2 D L2 F2 D' R2 U2 B2 R2 L2 U,2020-03-27 23:49:00,55.95
506,5,16.66,,R' F' U2 D' R D' F' R U' B2 D L2 F2 D' R2 U2 B2 R2 L2 U,1996-12-23 02:03:00,16.66
507,8,51.05,,R' F' U2 D' R D' F' R U' B2 D L2 F2 D' R2 U2 B2 R2 L2 U,2013-07-22 20:26:00,51.05
508,3,15.06,,L2 B' U2 R' D2 L D2 R' B2 R' B2 R2 F2 R' D' U' R F' L' R2 U,2020-02-17 09:42:00,15.06
509,4,47.21,,R' F' U2 D' R D' F' R U' B2 D L2 F2 D' R2 U2 B2 R2 L2 U,2021-04-25 01:56:00,47.21
510,67,32.95,,L2 U2 R2 F2 L2 F' U2 B' L2 U2 B D2 R' F2 L D R' F2 D R,2006-09-02 13:59:00,32.95
511,9,59.52,,L2 B' U2 R' D2 L D2 R' B2 R' B2 R2 F2 R' D' U' R F' L' R2 U,1990-06-07 24:30:00,59.52
512,2,25.04,,L2 B' U2 R' D2 L D2 R' B2 R' B2 R2 F2 R' D' U' R F' L' R2 U,2011-01-28 23:13:00,25.04
513,1,15.56,,R' F' U2 D' R D' F' R U' B2 D L2 F2 D' R2 U2 B2 R2 L2 U,1998-06-23 21:17:00,15.56
514,9,45.71,,L2 U2 R2 F2 L2 F' U2 B' L2 U2 B D2 R' F2 L D R' F2 D R,1995-08-29 23:33:00,45.71
515,8,05.57,,R' F' U2 D' R D' F' R U' B2 D L2 F2 D' R2 U2 B2 R2 L2 U,2002-06-25 22:49:00,05.57
516,67,56.63,,L2 U2 R2 F2 L2 F' U2 B' L2 U2 B D2 R' F2 L D R' F2 D R,2021-02-04 09:51:00,56.63
517,9,19.99,,L2 B' U2 R' D2 L D2 R' B2 R' B2 R2 F2 R' D' U' R F' L' R2 U,2012-03-08 01:18:00,19.99
518,3,08.81,,L2 B' U2 R' D2 L D2 R' B2 R' B2 R2 F2 R' D' U' R F' L' R2 U,2018-10-00 12:46:00,08.81
519,9,13.36,,R' F' U2 D' R D' F' R U' B2 D L2 F2 D' R2 U2 B2 R2 L2 U,2002-09-13 04:23:00,13.36
520,0,26.26,,R' F' U2 D' R D' F' R U' B2 D L2 F2 D' R2 U2 B2 R2 L2 U,2006-12-28 17:38:00,26.26
521,1,50.64,,L2 B' U2 R' D2 L D2 R' B2 R' B2 R2 F2 R' D' U' R F' L' R2 U,1990-03-16 16:31:00,50.64
522,67,31.52,,R' F' U2 D' R D' F' R U' B2 D L2 F2 D' R2 U2 B2 R2 L2 U,2015-09-30 19:04:00,31.52
523,1,35.62,,R' F' U2 D' R D' F' R U' B2 D L2 F2 D' R2 U2 B2 R2 L2 U,1998-11-12 06:45:00,35.62
524,8,23.24,,L2 B' U2 R' D2 L D2 R' B2 R' B2 R2 F2 R' D' U' R F' L' R2 U,2019-02-07 04:56:00,23.24
525,8,54.61,,L2 U2 R2 F2 L2 F' U2 B' L2 U2 B D2 R' F2 L D R' F2 D R,1992-10-26 21:43:00,54.61
526,67,50.71,,L2 B' U2 R' D2 L D2 R' B2 R' B2 R2 F2 R' D' U' R F' L' R2 U,2012-06-06 18:40:00,50.71
527,3,17.16,,L2 U2 R2 F2 L2 F' U2 B' L2 U2 B D2 R' F2 L D R' F2 D R,2007-12-15 19:24:00,17.16
528,8,33.61,,L2 U2 R2 F2 L2 F' U2 B' L2 U2 B D2 R' F2 L D R' F2 D R,2017-07-29 18:43:00,33.61
529,67,00.75,,L2 B' U2 R' D2 L D2 R' B2 R' B2 R2 F2 R' D' U' R F' L' R2 U,1996-10-04 11:13:00,00.75
530,9,09.45,,L2 B' U2 R' D2 L D2 R' B2 R' B2 R2 F2 R' D' U' R F' L' R2 U,2012-08-15 06:15:00,09.45
531,1,03.94,,L2 U2 R2 F2 L2 F' U2 B' L2 U2 B D2 R' F2 L D R' F2 D R,2003-11-10 22:34:00,03.94
532,2,01.03,,L2 B' U2 R' D2 L D2 R' B2 R' B2 R2 F2 R' D' U' R F' L' R2 U,2008-04-13 10:38:00,01.03
533,5,31.59,,L2 U2 R2 F2 L2 F' U2 B' L2 U2 B D2 R' F2 L D R' F2 D R,1997-08-13 16:28:00,31.59
534,4,07.84,,R' F' U2 D' R D' F' R U' B2 D L2 F2 D' R2 U2 B2 R2 L2 U,2001-00-07 04:03:00,07.84
535,8,01.41,,L2 B' U2 R' D2 L D2 R' B2 R' B2 R2 F2 R' D' U' R F' L' R2 U,1995-10-15 07:34:00,01.41
536,4,27.98,,L2 B' U2 R' D2 L D2 R' B2 R' B2 R2 F2 R' D' U' R F' L' R2 U,2002-02-21 02:29:00,27.98
537,5,58.81,,R' F' U2 D' R D' F' R U' B2 D L2 F2 D' R2 U2 B2 R2 L2 U,1998-02-14 16:32:00,58.81
538,0,45.85,,R' F' U2 D' R D' F' R U' B2 D L2 F2 D' R2 U2 B2 R2 L2 U,2000-07-11 13:06:00,45.85
539,3,24.42,,L2 U2 R2 F2 L2 F' U2 B' L2 U2 B D2 R' F2 L D R' F2 D R,2003-01-10 19:38:00,24.42
540,9,42.56,,L2 U2 R2 F2 L2 F' U2 B' L2 U2 B D2 R' F2 L D R' F2 D R,2005-06-18 16:05:00,42.56
541,67,18.95,,L2 B' U2 R' D2 L D2 R' B2 R' B2 R2 F2 R' D' U' R F' L' R2 U,2017-09-11 20:36:00,18.95
542,8,10.46,,L2 U2 R2 F2 L2 F' U2 B' L2 U2 B D2 R' F2 L D R' F2 D R,2021-11-06 07:34:00,10.46
543,3,20.88,,R' F' U2 D' R D' F' R U' B2 D L2 F2 D' R2 U2 B2 R2 L2 U,2005-08-05 23:01:00,20.88
544,1,32.11,,L2 B' U2 R' D2 L D2 R' B2 R' B2 R2 F2 R' D' U' R F' L' R2 U,1994-00-25 02:59:00,32.11
545,3,00.30,,L2 U2 R2 F2 L2 F' U2 B' L2 U2 B D2 R' F2 L D R' F2 D R,1990-00-07 12:37:00,00.30
546,9,50.26,,R' F' U2 D' R D' F' R U' B2 D L2 F2 D' R2 U2 B2 R2 L2 U,1992-08-09 22:28:00,50.26
547,4,14.40,,R' F' U2 D' R D' F' R U' B2 D L2 F2 D' R2 U2 B2 R2 L2 U,2005-00-06 04:39:00,14.40
548,9,22.52,,R' F' U2 D' R D' F' R U' B2 D L2 F2 D' R2 U2 B2 R2 L2 U,2018-12-12 20:26:00,22.52
549,1,60.44,,L2 U2 R2 F2 L2 F' U2 B' L2 U2 B D2 R' F2 L D R' F2 D R,1991-01-02 19:59:00,60.44
550,67,34.21,,R' F' U2 D' R D' F' R U' B2 D L2 F2 D' R2 U2 B2 R2 L2 U,2008-00-11 12:14:00,34.21
551,0,32.19,,L2 B' U2 R' D2 L D2 R' B2 R' B2 R2 F2 R' D' U' R F' L' R2 U,1992-04-03 19:43:00,32.19
552,2,38.51,,R' F' U2 D' R D' F' R U' B2 D L2 F2 D' R2 U2 B2 R2 L2 U,2016-06-04 14:57:00,38.51
553,0,06.97,,L2 U2 R2 F2 L2 F' U2 B' L2 U2 B D2 R' F2 L D R' F2 D R,2005-03-17 09:51:00,06.97
554,3,15.73,,L2 B' U2 R' D2 L D2 R' B2 R' B2 R2 F2 R' D' U' R F' L' R2 U,2010-04-01 05:54:00,15.73
555,67,34.20,,R' F' U2 D' R D' F' R U' B2 D L2 F2 D' R2 U2 B2 R2 L2 U,1999-12-13 05:08:00,34.20
556,9,10.62,,R' F' U2 D' R D' F' R U' B2 D L2 F2 D' R2 U2 B2 R2 L2 U,1997-11-00 23:07:00,10.62
557,3,49.59,,L2 U2 R2 F2 L2 F' U2 B' L2 U2 B D2 R' F2 L D R' F2 D R,1990-06-16 03:04:00,49.59
558,5,32.41,,R' F' U2 D' R D' F' R U' B2 D L2 F2 D' R2 U2 B2 R2 L2 U,1991-11-28 17:56:00,32.41
559,8,05.52,,L2 B' U2 R' D2 L D2 R' B2 R' B2 R2 F2 R' D' U' R F' L' R2 U,2003-07-09 00:33:00,05.52
560,67,57.56,,R' F' U2 D' R D' F' R U' B2 D L2 F2 D' R2 U2 B2 R2 L2 U,2003-07-30 17:38:00,57.56
561,9,37.46,,L2 U2 R2 F2 L2 F' U2 B' L2 U2 B D2 R' F2 L D R' F2 D R,1990-09-04 16:58:00,37.46
562,8,26.24,,L2 U2 R2 F2 L2 F' U2 B' L2 U2 B D2 R' F2 L D R' F2 D R,2018-00-14 15:38:00,26.24
563,4,54.85,,L2 B' U2 R' D2 L D2 R' B2 R' B2 R2 F2 R' D' U' R F' L' R2 U,2011-07-22 10:53:00,54.85
564,5,01.71,,R' F' U2 D' R D' F' R U' B2 D L2 F2 D' R2 U2 B2 R2 L2 U,2020-00-13 13:55:00,01.71
565,2,58.02,,L2 B' U2 R' D2 L D2 R' B2 R' B2 R2 F2 R' D' U' R F' L' R2 U,2018-03-28 12:17:00,58.02
566,3,34.25,,L2 U2 R2 F2 L2 F' U2 B' L2 U2 B D2 R' F2 L D R' F2 D R,2011-10-14 03:51:00,34.25
567,1,18.15,,R' F' U2 D' R D' F' R U' B2 D L2 F2 D' R2 U2 B2 R2 L2 U,2000-01-12 13:54:00,18.15
568,5,29.65,,L2 U2 R2 F2 L2 F' U2 B' L2 U2 B D2 R' F2 L D R' F2 D R,2008-08-14 18:55:00,29.65
569,0,60.72,,R' F' U2 D' R D' F' R U' B2 D L2 F2 D' R2 U2 B2 R2 L2 U,1991-07-12 12:36:00,60.72
570,5,47.89,,R' F' U2 D' R D' F' R U' B2 D L2 F2 D' R2 U2 B2 R2 L2 U,2006-01-19 06:46:00,47.89
571,2,14.51,,R' F' U2 D' R D' F' R U' B2 D L2 F2 D' R2 U2 B2 R2 L2 U,1996-10-30 14:20:00,14.51
572,5,29.82,,L2 U2 R2 F2 L2 F' U2 B' L2 U2 B D2 R' F2 L D R' F2 D R,1990-00-22 17:34:00,29.82
573,3,17.55,,R' F' U2 D' R D' F' R U' B2 D L2 F2 D' R2 U2 B2 R2 L2 U,2014-09-28 10:32:00,17.55
574,67,40.72,,R' F' U2 D' R D' F' R U' B2 D L2 F2 D' R2 U2 B2 R2 L2 U,2006-01-03 08:57:00,40.72
575,4,43.91,,L2 U2 R2 F2 L2 F' U2 B' L2 U2 B D2 R' F2 L D R' F2 D R,2004-07-21 20:26:00,43.91
576,9,12.00,,L2 U2 R2 F2 L2 F' U2 B' L2 U2 B D2 R' F2 L D R' F2 D R,2013-06-13 00:15:00,12.00
577,4,59.51,,L2 U2 R2 F2 L2 F' U2 B' L2 U2 B D2 R' F2 L D R' F2 D R,1994-01-04 15:59:00,59.51
578,5,32.30,,R' F' U2 D' R D' F' R U' B2 D L2 F2 D' R2 U2 B2 R2 L2 U,2020-07-13 01:16:00,32.30
579,8,60.61,,R' F' U2 D' R D' F' R U' B2 D L2 F2 D' R2 U2 B2 R2 L2 U,2016-12-14 13:21:00,60.61
580,2,40.31,,L2 B' U2 R' D2 L D2 R' B2 R' B2 R2 F2 R' D' U' R F' L' R2 U,1997-03-07 18:44:00,40.31
581,4,12.24,,L2 B' U2 R' D2 L D2 R' B2 R' B2 R2 F2 R' D' U' R F' L' R2 U,1990-07-25 05:27:00,12.24
582,2,16.50,,R' F' U2 D' R D' F' R U' B2 D L2 F2 D' R2 U2 B2 R2 L2 U,2020-06-27 18:06:00,16.50
583,8,27.61,,L2 B' U2 R' D2 L D2 R' B2 R' B2 R2 F2 R' D' U' R F' L' R2 U,2001-12-26 21:52:00,27.61
584,1,57.10,,L2 B' U2 R' D2 L D2 R' B2 R' B2 R2 F2 R' D' U' R F' L' R2 U,2001-06-05 19:10:00,57.10
585,0,28.21,,R' F' U2 D' R D' F' R U' B2 D L2 F2 D' R2 U2 B2 R2 L2 U,2013-06-07 14:37:00,28.21
586,3,38.11,,R' F' U2 D' R D' F' R U' B2 D L2 F2 D' R2 U2 B2 R2 L2 U,2000-01-28 23:12:00,38.11
587,5,53.77,,L2 U2 R2 F2 L2 F' U2 B' L2 U2 B D2 R' F2 L D R' F2 D R,2012-07-17 22:21:00,53.77
588,5,30.55,,R' F' U2 D' R D' F' R U' B2 D L2 F2 D' R2 U2 B2 R2 L2 U,2012-06-15 06:03:00,30.55
589,3,06.04,,R' F' U2 D' R D' F' R U' B2 D L2 F2 D' R2 U2 B2 R2 L2 U,2003-06-05 09:41:00,06.04
590,2,45.48,,R' F' U2 D' R D' F' R U' B2 D L2 F2 D' R2 U2 B2 R2 L2 U,1992-00-17 23:33:00,45.48
591,9,38.95,,L2 B' U2 R' D2 L D2 R' B2 R' B2 R2 F2 R' D' U' R F' L' R2 U,2020-07-23 10:45:00,38.95
592,9,56.76,,R' F' U2 D' R D' F' R U' B2 D L2 F2 D' R2 U2 B2 R2 L2 U,2005-12-12 00:01:00,56.76
593,4,45.97,,L2 U2 R2 F2 L2 F' U2 B' L2 U2 B D2 R' F2 L D R' F2 D R,2010-03-15 15:34:00,45.97
594,4,41.36,,L2 U2 R2 F2 L2 F' U2 B' L2 U2 B D2 R' F2 L D R' F2 D R,2017-08-24 20:50:00,41.36
595,8,21.36,,R' F' U2 D' R D' F' R U' B2 D L2 F2 D' R2 U2 B2 R2 L2 U,2005-11-21 01:29:00,21.36
596,4,17.46,,L2 U2 R2 F2 L2 F' U2 B' L2 U2 B D2 R' F2 L D R' F2 D R,2008-01-05 00:47:00,17.46
597,67,06.55,,L2 U2 R2 F2 L2 F' U2 B' L2 U2 B D2 R' F2 L D R' F2 D R,2017-01-00 23:35:00,06.55
598,9,34.03,,R' F' U2 D' R D' F' R U' B2 D L2 F2 D' R2 U2 B2 R2 L2 U,2000-12-05 13:39:00,34.03
599,0,34.22,,R' F' U2 D' R D' F' R U' B2 D L2 F2 D' R2 U2 B2 R2 L2 U,1991-02-04 20:52:00,34.22
600,3,33.51,,R' F' U2 D' R D' F' R U' B2 D L2 F2 D' R2 U2 B2 R2 L2 U,2008-03-25 05:03:00,33.51
601,3,06.66,,R' F' U2 D' R D' F' R U' B2 D L2 F2 D' R2 U2 B2 R2 L2 U,2001-02-28 10:00:00,06.66
602,3,42.96,,L2 U2 R2 F2 L2 F' U2 B' L2 U2 B D2 R' F2 L D R' F2 D R,2001-10-14 11:10:00,42.96
603,67,36.08,,L2 U2 R2 F2 L2 F' U2 B' L2 U2 B D2 R' F2 L D R' F2 D R,2007-05-05 11:01:00,36.08
604,3,38.33,,L2 U2 R2 F2 L2 F' U2 B' L2 U2 B D2 R' F2 L D R' F2 D R,1995-01-14 16:27:00,38.33
605,9,58.97,,L2 B' U2 R' D2 L D2 R' B2 R' B2 R2 F2 R' D' U' R F' L' R2 U,2021-00-22 00:42:00,58.97
606,2,28.91,,L2 U2 R2 F2 L2 F' U2 B' L2 U2 B D2 R' F2 L D R' F2 D R,2016-11-11 16:16:00,28.91
607,67,04.17,,R' F' U2 D' R D' F' R U' B2 D L2 F2 D' R2 U2 B2 R2 L2 U,1994-02-07 17:40:00,04.17
608,67,01.10,,L2 B' U2 R' D2 L D2 R' B2 R' B2 R2 F2 R' D' U' R F' L' R2 U,2000-02-25 01:09:00,01.10
609,4,38.29,,L2 U2 R2 F2 L2 F' U2 B' L2 U2 B D2 R' F2 L D R' F2 D R,2001-07-26 01:05:00,38.29
610,4,37.08,,R' F' U2 D' R D' F' R U' B2 D L2 F2 D' R2 U2 B2 R2 L2 U,1997-04-26 08:52:00,37.08
611,3,23.01,,R' F' U2 D' R D' F' R U' B2 D L2 F2 D' R2 U2 B2 R2 L2 U,2001-05-24 14:33:00,23.01
612,3,07.09,,R' F' U2 D' R D' F' R U' B2 D L2 F2 D' R2 U2 B2 R2 L2 U,2014-08-18 11:23:00,07.09
613,2,21.97,,L2 B' U2 R' D2 L D2 R' B2 R' B2 R2 F2 R' D' U' R F' L' R2 U,2008-12-28 15:35:00,21.97
614,4,23.78,,L2 B' U2 R' D2 L D2 R' B2 R' B2 R2 F2 R' D' U' R F' L' R2 U,2007-08-19 20:53:00,23.78
615,1,32.21,,L2 B' U2 R' D2 L D2 R' B2 R' B2 R2 F2 R' D' U' R F' L' R2 U,1995-07-14 15:20:00,32.21
616,4,38.48,,L2 B' U2 R' D2 L D2 R' B2 R' B2 R2 F2 R' D' U' R F' L' R2 U,1994-09-16 11:51:00,38.48
617,9,22.89,,L2 U2 R2 F2 L2 F' U2 B' L2 U2 B D2 R' F2 L D R' F2 D R,2009-07-05 07:24:00,22.89
618,0,12.90,,R' F' U2 D' R D' F' R U' B2 D L2 F2 D' R2 U2 B2 R2 L2 U,1999-02-24 00:52:00,12.90
619,67,54.05,,L2 B' U2 R' D2 L D2 R' B2 R' B2 R2 F2 R' D' U' R F' L' R2 U,1992-04-09 08:27:00,54.05
620,1,26.95,,L2 U2 R2 F2 L2 F' U2 B' L2 U2 B D2 R' F2 L D R' F2 D R,2011-04-04 19:35:00,26.95
621,0,60.45,,L2 B' U2 R' D2 L D2 R' B2 R' B2 R2 F2 R' D' U' R F' L' R2 U,1991-02-18 04:50:00,60.45
622,2,13.94,,R' F' U2 D' R D' F' R U' B2 D L2 F2 D' R2 U2 B2 R2 L2 U,2003-07-19 02:15:00,13.94
623,3,52.62,,R' F' U2 D' R D' F' R U' B2 D L2 F2 D' R2 U2 B2 R2 L2 U,2011-04-29 06:49:00,52.62
624,5,05.55,,L2 B' U2 R' D2 L D2 R' B2 R' B2 R2 F2 R' D' U' R F' L' R2 U,1996-10-09 06:52:00,05.55
625,2,33.04,,L2 B' U2 R' D2 L D2 R' B2 R' B2 R2 F2 R' D' U' R F' L' R2 U,2007-01-24 20:51:00,33.04
626,0,58.46,,L2 U2 R2 F2 L2 F' U2 B' L2 U2 B D2 R' F2 L D R' F2 D R,2008-12-00 06:52:00,58.46
627,67,37.09,,R' F' U2 D' R D' F' R U' B2 D L2 F2 D' R2 U2 B2 R2 L2 U,1992-00-01 04:53:00,37.09
628,3,03.53,,L2 U2 R2 F2 L2 F' U2 B' L2 U2 B D2 R' F2 L D R' F2 D R,2011-03-21 00:12:00,03.53
629,67,37.28,,L2 B' U2 R' D2 L D2 R' B2 R' B2 R2 F2 R' D' U' R F' L' R2 U,2002-02-28 19:59:00,37.28
630,0,11.61,,L2 U2 R2 F2 L2 F' U2 B' L2 U2 B D2 R' F2 L D R' F2 D R,2007-08-05 10:28:00,11.61
631,67,02.48,,R' F' U2 D' R D' F' R U' B2 D L2 F2 D' R2 U2 B2 R2 L2 U,1992-11-00 13:12:00,02.48
632,9,21.76,,R' F' U2 D' R D' F' R U' B2 D L2 F2 D' R2 U2 B2 R2 L2 U,2007-12-21 24:10:00,21.76
633,67,17.05,,L2 B' U2 R' D2 L D2 R' B2 R' B2 R2 F2 R' D' U' R F' L' R2 U,2009-03-23 00:34:00,17.05
634,8,35.33,,L2 U2 R2 F2 L2 F' U2 B' L2 U2 B D2 R' F2 L D R' F2 D R,2019-01-25 19:45:00,35.33
635,5,00.97,,L2 B' U2 R' D2 L D2 R' B2 R' B2 R2 F2 R' D' U' R F' L' R2 U,2001-07-01 19:43:00,00.97
636,3,53.37,,L2 B' U2 R' D2 L D2 R' B2 R' B2 R2 F2 R' D' U' R F' L' R2 U,2003-01-24 02:55:00,53.37
637,4,24.34,,L2 B' U2 R' D2 L D2 R' B2 R' B2 R2 F2 R' D' U' R F' L' R2 U,1994-05-02 04:53:00,24.34
638,8,37.73,,L2 B' U2 R' D2 L D2 R' B2 R' B2 R2 F2 R' D' U' R F' L' R2 U,2021-01-24 05:48:00,37.73
639,2,52.33,,R' F' U2 D' R D' F' R U' B2 D L2 F2 D' R2 U2 B2 R2 L2 U,2006-07-25 14:41:00,52.33
640,0,47.57,,R' F' U2 D' R D' F' R U' B2 D L2 F2 D' R2 U2 B2 R2 L2 U,2005-11-06 16:45:00,47.57
641,1,31.28,,L2 U2 R2 F2 L2 F' U2 B' L2 U2 B D2 R' F2 L D R' F2 D R,2011-00-06 06:31:00,31.28
642,67,56.24,,L2 U2 R2 F2 L2 F' U2 B' L2 U2 B D2 R' F2 L D R' F2 D R,2007-11-12 14:35:00,56.24
643,9,32.21,,L2 U2 R2 F2 L2 F' U2 B' L2 U2 B D2 R' F2 L D R' F2 D R,2008-00-25 21:45:00,32.21
644,8,19.14,,L2 B' U2 R' D2 L D2 R' B2 R' B2 R2 F2 R' D' U' R F' L' R2 U,1995-11-21 05:50:00,19.14
645,8,13.24,,R' F' U2 D' R D' F' R U' B2 D L2 F2 D' R2 U2 B2 R2 L2 U,1998-02-20 15:07:00,13.24
646,2,60.83,,L2 B' U2 R' D2 L D2 R' B2 R' B2 R2 F2 R' D' U' R F' L' R2 U,2007-02-07 04:19:00,60.83
647,0,50.83,,L2 U2 R2 F2 L2 F' U2 B' L2 U2 B D2 R' F2 L D R' F2 D R,1996-11-00 03:30:00,50.83
648,1,29.06,,L2 B' U2 R' D2 L D2 R' B2 R' B2 R2 F2 R' D' U' R F' L' R2 U,2016-01-03 23:20:00,29.06
649,9,16.20,,L2 U2 R2 F2 L2 F' U2 B' L2 U2 B D2 R' F2 L D R' F2 D R,2000-10-12 22:28:00,16.20
650,0,03.93,,R' F' U2 D' R D' F' R U' B2 D L2 F2 D' R2 U2 B2 R2 L2 U,2020-01-25 11:49:00,03.93
651,4,21.93,,L2 U2 R2 F2 L2 F' U2 B' L2 U2 B D2 R' F2 L D R' F2 D R,1990-11-27 00:39:00,21.93
652,67,23.01,,L2 B' U2 R' D2 L D2 R' B2 R' B2 R2 F2 R' D' U' R F' L' R2 U,2000-00-21 01:23:00,23.01
653,3,40.39,,L2 B' U2 R' D2 L D2 R' B2 R' B2 R2 F2 R' D' U' R F' L' R2 U,1995-01-06 04:24:00,40.39
654,67,16.29,,R' F' U2 D' R D' F' R U' B2 D L2 F2 D' R2 U2 B2 R2 L2 U,2019-07-04 05:15:00,16.29
655,5,42.66,,L2 B' U2 R' D2 L D2 R' B2 R' B2 R2 F2 R' D' U' R F' L' R2 U,2017-07-24 14:30:00,42.66
656,2,19.23,,R' F' U2 D' R D' F' R U' B2 D L2 F2 D' R2 U2 B2 R2 L2 U,1992-06-30 01:60:00,19.23
657,67,18.23,,R' F' U2 D' R D' F' R U' B2 D L2 F2 D' R2 U2 B2 R2 L2 U,2017-02-20 20:54:00,18.23
658,5,07.73,,R' F' U2 D' R D' F' R U' B2 D L2 F2 D' R2 U2 B2 R2 L2 U,2001-12-06 02:25:00,07.73
659,5,40.12,,R' F' U2 D' R D' F' R U' B2 D L2 F2 D' R2 U2 B2 R2 L2 U,2020-08-27 13:02:00,40.12
660,0,54.43,,L2 B' U2 R' D2 L D2 R' B2 R' B2 R2 F2 R' D' U' R F' L' R2 U,2016-00-18 07:09:00,54.43
661,67,15.84,,L2 U2 R2 F2 L2 F' U2 B' L2 U2 B D2 R' F2 L D R' F2 D R,2000-05-04 18:15:00,15.84
662,3,14.72,,L2 U2 R2 F2 L2 F' U2 B' L2 U2 B D2 R' F2 L D R' F2 D R,1996-06-11 09:11:00,14.72
663,8,57.05,,R' F' U2 D' R D' F' R U' B2 D L2 F2 D' R2 U2 B2 R2 L2 U,2019-07-24 23:06:00,57.05
664,2,43.69,,L2 B' U2 R' D2 L D2 R' B2 R' B2 R2 F2 R' D' U' R F' L' R2 U,2014-07-21 05:33:00,43.69
665,4,14.20,,L2 U2 R2 F2 L2 F' U2 B' L2 U2 B D2 R' F2 L D R' F2 D R,2012-04-17 11:03:00,14.20
666,0,19.17,,L2 U2 R2 F2 L2 F' U2 B' L2 U2 B D2 R' F2 L D R' F2 D R,2016-09-20 21:21:00,19.17
667,1,10.49,,R' F' U2 D' R D' F' R U' B2 D L2 F2 D' R2 U2 B2 R2 L2 U,1991-04-14 00:01:00,10.49
668,8,38.02,,L2 U2 R2 F2 L2 F' U2 B' L2 U2 B D2 R' F2 L D R' F2 D R,2018-02-04 04:01:00,38.02
669,67,22.25,,L2 B' U2 R' D2 L D2 R' B2 R' B2 R2 F2 R' D' U' R F' L' R2 U,1999-03-24 14:06:00,22.25
670,5,48.58,,R' F' U2 D' R D' F' R U' B2 D L2 F2 D' R2 U2 B2 R2 L2 U,2004-00-21 11:45:00,48.58
671,0,55.90,,L2 U2 R2 F2 L2 F' U2 B' L2 U2 B D2 R' F2 L D R' F2 D R,1990-11-17 02:20:00,55.90
672,8,02.42,,L2 U2 R2 F2 L2 F' U2 B' L2 U2 B D2 R' F2 L D R' F2 D R,2006-01-17 11:31:00,02.42
673,0,52.23,,R' F' U2 D' R D' F' R U' B2 D L2 F2 D' R2 U2 B2 R2 L2 U,2013-06-19 05:39:00,52.23
674,67,15.08,,L2 B' U2 R' D2 L D2 R' B2 R' B2 R2 F2 R' D' U' R F' L' R2 U,2006-06-18 04:04:00,15.08
675,1,26.32,,R' F' U2 D' R D' F' R U' B2 D L2 F2 D' R2 U2 B2 R2 L2 U,2012-02-22 11:18:00,26.32
676,0,55.43,,L2 B' U2 R' D2 L D2 R' B2 R' B2 R2 F2 R' D' U' R F' L' R2 U,2007-08-24 23:01:00,55.43
677,1,53.45,,R' F' U2 D' R D' F' R U' B2 D L2 F2 D' R2 U2 B2 R2 L2 U,1998-07-20 08:16:00,53.45
678,3,42.99,,L2 B' U2 R' D2 L D2 R' B2 R' B2 R2 F2 R' D' U' R F' L' R2 U,2003-05-04 05:46:00,42.99
679,0,22.56,,L2 B' U2 R' D2 L D2 R' B2 R' B2 R2 F2 R' D' U' R F' L' R2 U,2008-04-26 17:44:00,22.56
680,9,57.96,,L2 U2 R2 F2 L2 F' U2 B' L2 U2 B D2 R' F2 L D R' F2 D R,1996-12-07 08:04:00,57.96
681,5,21.03,,L2 U2 R2 F2 L2 F' U2 B' L2 U2 B D2 R' F2 L D R' F2 D R,2002-09-27 05:06:00,21.03
682,8,01.46,,R' F' U2 D' R D' F' R U' B2 D L2 F2 D' R2 U2 B2 R2 L2 U,2005-04-02 01:03:00,01.46
683,1,13.86,,R' F' U2 D' R D' F' R U' B2 D L2 F2 D' R2 U2 B2 R2 L2 U,2000-00-26 14:34:00,13.86
684,0,47.56,,L2 B' U2 R' D2 L D2 R' B2 R' B2 R2 F2 R' D' U' R F' L' R2 U,2009-11-10 17:16:00,47.56
685,4,53.76,,L2 B' U2 R' D2 L D2 R' B2 R' B2 R2 F2 R' D' U' R F' L' R2 U,2020-10-06 03:58:00,53.76
686,2,43.16,,R' F' U2 D' R D' F' R U' B2 D L2 F2 D' R2 U2 B2 R2 L2 U,2009-02-17 20:42:00,43.16
687,0,38.04,,L2 B' U2 R' D2 L D2 R' B2 R' B2 R2 F2 R' D' U' R F' L' R2 U,1993-11-08 12:30:00,38.04
688,3,55.20,,R' F' U2 D' R D' F' R U' B2 D L2 F2 D' R2 U2 B2 R2 L2 U,2019-04-03 22:11:00,55.20
689,67,31.61,,L2 B' U2 R' D2 L D2 R' B2 R' B2 R2 F2 R' D' U' R F' L' R2 U,2001-05-30 13:46:00,31.61
690,1,00.48,,L2 U2 R2 F2 L2 F' U2 B' L2 U2 B D2 R' F2 L D R' F2 D R,2017-05-29 23:11:00,00.48
691,3,04.24,,L2 B' U2 R' D2 L D2 R' B2 R' B2 R2 F2 R' D' U' R F' L' R2 U,2018-07-09 08:58:00,04.24
692,5,06.00,,L2 U2 R2 F2 L2 F' U2 B' L2 U2 B D2 R' F2 L D R' F2 D R,2007-01-05 01:16:00,06.00
693,9,17.09,,R' F' U2 D' R D' F' R U' B2 D L2 F2 D' R2 U2 B2 R2 L2 U,2012-02-01 13:46:00,17.09
694,1,02.05,,L2 B' U2 R' D2 L D2 R' B2 R' B2 R2 F2 R' D' U' R F' L' R2 U,2013-07-16 10:58:00,02.05
695,67,10.53,,L2 U2 R2 F2 L2 F' U2 B' L2 U2 B D2 R' F2 L D R' F2 D R,2013-09-10 21:05:00,10.53
696,0,54.16,,L2 U2 R2 F2 L2 F' U2 B' L2 U2 B D2 R' F2 L D R' F2 D R,1994-05-27 21:13:00,54.16
697,67,09.12,,L2 B' U2 R' D2 L D2 R' B2 R' B2 R2 F2 R' D' U' R F' L' R2 U,2020-12-15 12:56:00,09.12
698,1,46.18,,R' F' U2 D' R D' F' R U' B2 D L2 F2 D' R2 U2 B2 R2 L2 U,1992-03-26 12:42:00,46.18
699,8,36.68,,L2 U2 R2 F2 L2 F' U2 B' L2 U2 B D2 R' F2 L D R' F2 D R,2002-11-11 08:12:00,36.68
700,9,60.40,,L2 B' U2 R' D2 L D2 R' B2 R' B2 R2 F2 R' D' U' R F' L' R2 U,2009-06-17 14:26:00,60.40
701,0,42.97,,R' F' U2 D' R D' F' R U' B2 D L2 F2 D' R2 U2 B2 R2 L2 U,2020-11-07 15:29:00,42.97
702,4,37.11,,R' F' U2 D' R D' F' R U' B2 D L2 F2 D' R2 U2 B2 R2 L2 U,1993-08-18 23:34:00,37.11
703,8,46.24,,L2 U2 R2 F2 L2 F' U2 B' L2 U2 B D2 R' F2 L D R' F2 D R,1992-08-17 05:36:00,46.24
704,8,16.44,,R' F' U2 D' R D' F' R U' B2 D L2 F2 D' R2 U2 B2 R2 L2 U,2014-09-06 06:29:00,16.44
705,9,52.13,,L2 U2 R2 F2 L2 F' U2 B' L2 U2 B D2 R' F2 L D R' F2 D R,2018-08-12 24:27:00,52.13
706,8,40.96,,L2 U2 R2 F2 L2 F' U2 B' L2 U2 B D2 R' F2 L D R' F2 D R,1999-06-30 04:08:00,40.96
707,0,14.46,,L2 B' U2 R' D2 L D2 R' B2 R' B2 R2 F2 R' D' U' R F' L' R2 U,1994-01-07 24:44:00,14.46
708,2,32.24,,R' F' U2 D' R D' F' R U' B2 D L2 F2 D' R2 U2 B2 R2 L2 U,2020-01-01 09:14:00,32.24
709,67,18.40,,L2 U2 R2 F2 L2 F' U2 B' L2 U2 B D2 R' F2 L D R' F2 D R,2014-10-19 10:54:00,18.40
710,67,00.01,,R' F' U2 D' R D' F' R U' B2 D L2 F2 D' R2 U2 B2 R2 L2 U,2007-07-20 11:33:00,00.01
711,3,08.19,,L2 U2 R2 F2 L2 F' U2 B' L2 U2 B D2 R' F2 L D R' F2 D R,1994-12-28 05:47:00,08.19
712,9,21.14,,L2 B' U2 R' D2 L D2 R' B2 R' B2 R2 F2 R' D' U' R F' L' R2 U,1995-10-25 19:00:00,21.14
713,2,24.19,,L2 U2 R2 F2 L2 F' U2 B' L2 U2 B D2 R' F2 L D R' F2 D R,1997-09-06 12:08:00,24.19
714,3,36.59,,R' F' U2 D' R D' F' R U' B2 D L2 F2 D' R2 U2 B2 R2 L2 U,2012-12-12 05:03:00,36.59
715,1,36.04,,L2 U2 R2 F2 L2 F' U2 B' L2 U2 B D2 R' F2 L D R' F2 D R,1995-11-03 11:42:00,36.04
716,5,56.30,,L2 U2 R2 F2 L2 F' U2 B' L2 U2 B D2 R' F2 L D R' F2 D R,1997-11-12 20:39:00,56.30
717,1,32.46,,L2 B' U2 R' D2 L D2 R' B2 R' B2 R2 F2 R' D' U' R F' L' R2 U,2021-02-08 24:25:00,32.46
718,9,36.26,,L2 U2 R2 F2 L2 F' U2 B' L2 U2 B D2 R' F2 L D R' F2 D R,1993-12-29 21:36:00,36.26
719,3,08.70,,R' F' U2 D' R D' F' R U' B2 D L2 F2 D' R2 U2 B2 R2 L2 U,2007-08-13 08:12:00,08.70
720,2,59.37,,R' F' U2 D' R D' F' R U' B2 D L2 F2 D' R2 U2 B2 R2 L2 U,1992-03-27 19:11:00,59.37
721,3,14.63,,L2 B' U2 R' D2 L D2 R' B2 R' B2 R2 F2 R' D' U' R F' L' R2 U,1996-09-12 09:01:00,14.63
722,5,33.20,,L2 B' U2 R' D2 L D2 R' B2 R' B2 R2 F2 R' D' U' R F' L' R2 U,2015-06-16 12:22:00,33.20
723,4,59.79,,L2 U2 R2 F2 L2 F' U2 B' L2 U2 B D2 R' F2 L D R' F2 D R,2021-08-03 22:59:00,59.79
724,8,47.42,,L2 U2 R2 F2 L2 F' U2 B' L2 U2 B D2 R' F2 L D R' F2 D R,2018-05-10 16:41:00,47.42
725,5,10.72,,L2 U2 R2 F2 L2 F' U2 B' L2 U2 B D2 R' F2 L D R' F2 D R,2007-01-28 24:50:00,10.72
726,9,49.86,,R' F' U2 D' R D' F' R U' B2 D L2 F2 D' R2 U2 B2 R2 L2 U,2007-02-14 12:59:00,49.86
727,0,13.00,,L2 B' U2 R' D2 L D2 R' B2 R' B2 R2 F2 R' D' U' R F' L' R2 U,2009-03-18 17:40:00,13.00
728,2,48.77,,R' F' U2 D' R D' F' R U' B2 D L2 F2 D' R2 U2 B2 R2 L2 U,2004-06-04 24:18:00,48.77
729,4,53.45,,R' F' U2 D' R D' F' R U' B2 D L2 F2 D' R2 U2 B2 R2 L2 U,2013-00-07 02:31:00,53.45
730,0,22.49,,L2 U2 R2 F2 L2 F' U2 B' L2 U2 B D2 R' F2 L D R' F2 D R,1993-11-07 15:56:00,22.49
731,4,03.06,,L2 U2 R2 F2 L2 F' U2 B' L2 U2 B D2 R' F2 L D R' F2 D R,2008-02-23 04:02:00,03.06
732,5,44.44,,L2 B' U2 R' D2 L D2 R' B2 R' B2 R2 F2 R' D' U' R F' L' R2 U,2015-08-26 12:06:00,44.44
733,4,00.74,,L2 U2 R2 F2 L2 F' U2 B' L2 U2 B D2 R' F2 L D R' F2 D R,2006-03-20 03:30:00,00.74
734,3,35.92,,L2 B' U2 R' D2 L D2 R' B2 R' B2 R2 F2 R' D' U' R F' L' R2 U,2019-04-25 20:28:00,35.92
735,0,41.69,,R' F' U2 D' R D' F' R U' B2 D L2 F2 D' R2 U2 B2 R2 L2 U,2010-06-06 20:36:00,41.69
736,1,22.63,,R' F' U2 D' R D' F' R U' B2 D L2 F2 D' R2 U2 B2 R2 L2 U,2004-07-30 14:15:00,22.63
737,9,14.68,,R' F' U2 D' R D' F' R U' B2 D L2 F2 D' R2 U2 B2 R2 L2 U,2007-03-26 05:00:00,14.68
738,0,47.09,,L2 U2 R2 F2 L2 F' U2 B' L2 U2 B D2 R' F2 L D R' F2 D R,2007-05-25 22:60:00,47.09
739,4,31.66,,L2 B' U2 R' D2 L D2 R' B2 R' B2 R2 F2 R' D' U' R F' L' R2 U,2004-08-27 09:50:00,31.66
740,67,28.14,,L2 B' U2 R' D2 L D2 R' B2 R' B2 R2 F2 R' D' U' R F' L' R2 U,1999-01-22 23:52:00,28.14
741,0,45.18,,L2 B' U2 R' D2 L D2 R' B2 R' B2 R2 F2 R' D' U' R F' L' R2 U,2006-00-09 10:08:00,45.18
742,67,24.27,,L2 B' U2 R' D2 L D2 R' B2 R' B2 R2 F2 R' D' U' R F' L' R2 U,2020-07-03 05:42:00,24.27
743,0,13.58,,L2 B' U2 R' D2 L D2 R' B2 R' B2 R2 F2 R' D' U' R F' L' R2 U,1993-00-01 17:56:00,13.58
744,4,09.17,,L2 B' U2 R' D2 L D2 R' B2 R' B2 R2 F2 R' D' U' R F' L' R2 U,1994-01-20 12:04:00,09.17
745,8,31.56,,R' F' U2 D' R D' F' R U' B2 D L2 F2 D' R2 U2 B2 R2 L2 U,2019-09-06 00:45:00,31.56
746,5,46.07,,L2 U2 R2 F2 L2 F' U2 B' L2 U2 B D2 R' F2 L D R' F2 D R,2001-00-14 16:05:00,46.07
747,4,06.08,,L2 U2 R2 F2 L2 F' U2 B' L2 U2 B D2 R' F2 L D R' F2 D R,1998-02-23 08:00:00,06.08
748,1,60.39,,L2 U2 R2 F2 L2 F' U2 B' L2 U2 B D2 R' F2 L D R' F2 D R,1991-06-17 15:03:00,60.39
749,1,41.41,,L2 U2 R2 F2 L2 F' U2 B' L2 U2 B D2 R' F2 L D R' F2 D R,2016-04-01 07:47:00,41.41
750,9,10.28,,R' F' U2 D' R D' F' R U' B2 D L2 F2 D' R2 U2 B2 R2 L2 U,2007-03-17 07:32:00,10.28
751,8,53.69,,L2 U2 R2 F2 L2 F' U2 B' L2 U2 B D2 R' F2 L D R' F2 D R,1992-07-06 04:54:00,53.69
752,8,11.32,,L2 B' U2 R' D2 L D2 R' B2 R' B2 R2 F2 R' D' U' R F' L' R2 U,2013-09-04 19:13:00,11.32
753,3,47.85,,R' F' U2 D' R D' F' R U' B2 D L2 F2 D' R2 U2 B2 R2 L2 U,2013-07-27 09:42:00,47.85
754,3,18.69,,L2 B' U2 R' D2 L D2 R' B2 R' B2 R2 F2 R' D' U' R F' L' R2 U,1994-01-14 15:05:00,18.69
755,1,44.45,,L2 B' U2 R' D2 L D2 R' B2 R' B2 R2 F2 R' D' U' R F' L' R2 U,1994-04-12 19:40:00,44.45
756,2,41.72,,R' F' U2 D' R D' F' R U' B2 D L2 F2 D' R2 U2 B2 R2 L2 U,2002-02-12 02:19:00,41.72
757,2,34.30,,L2 B' U2 R' D2 L D2 R' B2 R' B2 R2 F2 R' D' U' R F' L' R2 U,2020-03-30 10:15:00,34.30
758,1,25.73,,R' F' U2 D' R D' F' R U' B2 D L2 F2 D' R2 U2 B2 R2 L2 U,2005-07-03 14:13:00,25.73
759,67,23.41,,R' F' U2 D' R D' F' R U' B2 D L2 F2 D' R2 U2 B2 R2 L2 U,2012-12-00 05:27:00,23.41
760,4,04.36,,L2 U2 R2 F2 L2 F' U2 B' L2 U2 B D2 R' F2 L D R' F2 D R,2005-11-15 02:42:00,04.36
761,0,13.01,,L2 U2 R2 F2 L2 F' U2 B' L2 U2 B D2 R' F2 L D R' F2 D R,2012-03-24 21:05:00,13.01
762,9,58.02,,L2 U2 R2 F2 L2 F' U2 B' L2 U2 B D2 R' F2 L D R' F2 D R,2007-10-04 11:22:00,58.02
763,4,25.90,,L2 U2 R2 F2 L2 F' U2 B' L2 U2 B D2 R' F2 L D R' F2 D R,2000-02-19 08:09:00,25.90
764,2,53.86,,R' F' U2 D' R D' F' R U' B2 D L2 F2 D' R2 U2 B2 R2 L2 U,1995-07-29 19:43:00,53.86
765,3,47.49,,L2 U2 R2 F2 L2 F' U2 B' L2 U2 B D2 R' F2 L D R' F2 D R,2012-02-18 07:22:00,47.49
766,1,11.22,,R' F' U2 D' R D' F' R U' B2 D L2 F2 D' R2 U2 B2 R2 L2 U,2006-02-01 15:13:00,11.22
767,3,21.13,,L2 B' U2 R' D2 L D2 R' B2 R' B2 R2 F2 R' D' U' R F' L' R2 U,2014-09-28 08:47:00,21.13
768,8,12.45,,L2 B' U2 R' D2 L D2 R' B2 R' B2 R2 F2 R' D' U' R F' L' R2 U,2002-10-22 02:06:00,12.45
769,3,14.58,,L2 B' U2 R' D2 L D2 R' B2 R' B2 R2 F2 R' D' U' R F' L' R2 U,2000-03-18 20:01:00,14.58
770,1,16.96,,L2 U2 R2 F2 L2 F' U2 B' L2 U2 B D2 R' F2 L D R' F2 D R,1996-04-17 10:57:00,16.96
771,4,11.57,,L2 U2 R2 F2 L2 F' U2 B' L2 U2 B D2 R' F2 L D R' F2 D R,1993-11-09 23:19:00,11.57
772,8,55.08,,L2 B' U2 R' D2 L D2 R' B2 R' B2 R2 F2 R' D' U' R F' L' R2 U,2014-07-12 19:35:00,55.08
773,67,32.90,,L2 U2 R2 F2 L2 F' U2 B' L2 U2 B D2 R' F2 L D R' F2 D R,2017-07-30 22:05:00,32.90
774,8,06.79,,L2 B' U2 R' D2 L D2 R' B2 R' B2 R2 F2 R' D' U' R F' L' R2 U,1994-06-09 16:40:00,06.79
775,1,15.49,,R' F' U2 D' R D' F' R U' B2 D L2 F2 D' R2 U2 B2 R2 L2 U,2001-12-10 21:22:00,15.49
776,3,19.81,,L2 B' U2 R' D2 L D2 R' B2 R' B2 R2 F2 R' D' U' R F' L' R2 U,2005-08-13 11:51:00,19.81
777,4,58.74,,R' F' U2 D' R D' F' R U' B2 D L2 F2 D' R2 U2 B2 R2 L2 U,1998-11-25 12:59:00,58.74
778,2,19.18,,R' F' U2 D' R D' F' R U' B2 D L2 F2 D' R2 U2 B2 R2 L2 U,1997-02-09 24:41:00,19.18
779,8,14.62,,R' F' U2 D' R D' F' R U' B2 D L2 F2 D' R2 U2 B2 R2 L2 U,1994-01-28 24:14:00,14.62
780,2,60.19,,L2 B' U2 R' D2 L D2 R' B2 R' B2 R2 F2 R' D' U' R F' L' R2 U,2005-03-28 08:06:00,60.19
781,8,03.48,,L2 B' U2 R' D2 L D2 R' B2 R' B2 R2 F2 R' D' U' R F' L' R2 U,2002-01-09 03:21:00,03.48
782,0,48.78,,L2 B' U2 R' D2 L D2 R' B2 R' B2 R2 F2 R' D' U' R F' L' R2 U,2001-01-22 22:05:00,48.78
783,3,49.38,,R' F' U2 D' R D' F' R U' B2 D L2 F2 D' R2 U2 B2 R2 L2 U,2018-07-09 10:05:00,49.38
784,9,24.79,,R' F' U2 D' R D' F' R U' B2 D L2 F2 D' R2 U2 B2 R2 L2 U,2009-04-18 05:21:00,24.79
785,67,50.94,,L2 U2 R2 F2 L2 F' U2 B' L2 U2 B D2 R' F2 L D R' F2 D R,2002-03-10 11:55:00,50.94
786,2,32.60,,L2 U2 R2 F2 L2 F' U2 B' L2 U2 B D2 R' F2 L D R' F2 D R,1997-00-03 10:31:00,32.60
787,2,39.69,,L2 U2 R2 F2 L2 F' U2 B' L2 U2 B D2 R' F2 L D R' F2 D R,2015-05-08 10:47:00,39.69
788,67,18.19,,R' F' U2 D' R D' F' R U' B2 D L2 F2 D' R2 U2 B2 R2 L2 U,1996-11-21 12:18:00,18.19
789,67,56.53,,L2 U2 R2 F2 L2 F' U2 B' L2 U2 B D2 R' F2 L D R' F2 D R,2000-04-10 09:39:00,56.53
790,0,47.91,,R' F' U2 D' R D' F' R U' B2 D L2 F2 D' R2 U2 B2 R2 L2 U,2011-08-21 09:56:00,47.91
791,1,42.17,,L2 U2 R2 F2 L2 F' U2 B' L2 U2 B D2 R' F2 L D R' F2 D R,2021-08-02 22:18:00,42.17
792,2,34.70,,L2 B' U2 R' D2 L D2 R' B2 R' B2 R2 F2 R' D' U' R F' L' R2 U,2015-03-13 11:34:00,34.70
793,8,18.70,,L2 U2 R2 F2 L2 F' U2 B' L2 U2 B D2 R' F2 L D R' F2 D R,1993-06-20 05:24:00,18.70
794,8,16.85,,R' F' U2 D' R D' F' R U' B2 D L2 F2 D' R2 U2 B2 R2 L2 U,2004-11-21 24:06:00,16.85
795,0,25.35,,R' F' U2 D' R D' F' R U' B2 D L2 F2 D' R2 U2 B2 R2 L2 U,2015-01-22 13:06:00,25.35
796,2,05.02,,L2 U2 R2 F2 L2 F' U2 B' L2 U2 B D2 R' F2 L D R' F2 D R,1993-05-27 09:13:00,05.02
797,8,15.97,,L2 B' U2 R' D2 L D2 R' B2 R' B2 R2 F2 R' D' U' R F' L' R2 U,2008-07-03 04:38:00,15.97
798,2,43.98,,L2 B' U2 R' D2 L D2 R' B2 R' B2 R2 F2 R' D' U' R F' L' R2 U,1994-11-12 18:25:00,43.98
799,2,32.70,,L2 B' U2 R' D2 L D2 R' B2 R' B2 R2 F2 R' D' U' R F' L' R2 U,1997-04-29 10:16:00,32.70
800,8,23.76,,L2 U2 R2 F2 L2 F' U2 B' L2 U2 B D2 R' F2 L D R' F2 D R,1995-01-07 11:32:00,23.76
801,67,32.96,,L2 U2 R2 F2 L2 F' U2 B' L2 U2 B D2 R' F2 L D R' F2 D R,2017-11-27 09:28:00,32.96
802,5,28.31,,R' F' U2 D' R D' F' R U' B2 D L2 F2 D' R2 U2 B2 R2 L2 U,1994-06-20 03:04:00,28.31
803,1,58.26,,R' F' U2 D' R D' F' R U' B2 D L2 F2 D' R2 U2 B2 R2 L2 U,1998-09-23 02:34:00,58.26
804,2,53.86,,R' F' U2 D' R D' F' R U' B2 D L2 F2 D' R2 U2 B2 R2 L2 U,2009-08-30 11:54:00,53.86
805,0,53.84,,R' F' U2 D' R D' F' R U' B2 D L2 F2 D' R2 U2 B2 R2 L2 U,2000-04-08 03:26:00,53.84
806,67,10.98,,L2 B' U2 R' D2 L D2 R' B2 R' B2 R2 F2 R' D' U' R F' L' R2 U,2014-10-23 11:08:00,10.98
807,0,22.66,,L2 U2 R2 F2 L2 F' U2 B' L2 U2 B D2 R' F2 L D R' F2 D R,2002-02-03 14:34:00,22.66
808,2,15.31,,L2 B' U2 R' D2 L D2 R' B2 R' B2 R2 F2 R' D' U' R F' L' R2 U,2021-04-30 03:59:00,15.31
809,67,54.37,,R' F' U2 D' R D' F' R U' B2 D L2 F2 D' R2 U2 B2 R2 L2 U,1999-06-18 18:02:00,54.37
810,2,50.75,,R' F' U2 D' R D' F' R U' B2 D L2 F2 D' R2 U2 B2 R2 L2 U,2014-01-06 15:26:00,50.75
811,9,10.03,,L2 B' U2 R' D2 L D2 R' B2 R' B2 R2 F2 R' D' U' R F' L' R2 U,2004-05-29 05:52:00,10.03
812,1,59.89,,L2 U2 R2 F2 L2 F' U2 B' L2 U2 B D2 R' F2 L D R' F2 D R,1998-02-29 19:08:00,59.89
813,9,29.30,,R' F' U2 D' R D' F' R U' B2 D L2 F2 D' R2 U2 B2 R2 L2 U,2018-08-10 00:20:00,29.30
814,3,00.95,,R' F' U2 D' R D' F' R U' B2 D L2 F2 D' R2 U2 B2 R2 L2 U,2010-00-25 15:08:00,00.95
815,9,28.70,,L2 B' U2 R' D2 L D2 R' B2 R' B2 R2 F2 R' D' U' R F' L' R2 U,2014-11-22 12:01:00,28.70
816,8,57.29,,L2 U2 R2 F2 L2 F' U2 B' L2 U2 B D2 R' F2 L D R' F2 D R,2017-11-05 07:57:00,57.29
817,3,49.34,,R' F' U2 D' R D' F' R U' B2 D L2 F2 D' R2 U2 B2 R2 L2 U,1999-06-00 01:09:00,49.34
818,5,44.66,,R' F' U2 D' R D' F' R U' B2 D L2 F2 D' R2 U2 B2 R2 L2 U,2021-04-08 19:30:00,44.66
819,4,39.45,,R' F' U2 D' R D' F' R U' B2 D L2 F2 D' R2 U2 B2 R2 L2 U,2003-11-23 01:33:00,39.45
820,67,59.90,,L2 B' U2 R' D2 L D2 R' B2 R' B2 R2 F2 R' D' U' R F' L' R2 U,2000-11-01 14:56:00,59.90
821,4,54.68,,L2 B' U2 R' D2 L D2 R' B2 R' B2 R2 F2 R' D' U' R F' L' R2 U,1995-00-21 18:16:00,54.68
822,4,39.86,,R' F' U2 D' R D' F' R U' B2 D L2 F2 D' R2 U2 B2 R2 L2 U,2007-05-09 13:26:00,39.86
823,2,32.62,,L2 B' U2 R' D2 L D2 R' B2 R' B2 R2 F2 R' D' U' R F' L' R2 U,2021-02-12 22:53:00,32.62
824,4,23.36,,L2 U2 R2 F2 L2 F' U2 B' L2 U2 B D2 R' F2 L D R' F2 D R,2018-02-15 18:17:00,23.36
825,2,51.80,,L2 B' U2 R' D2 L D2 R' B2 R' B2 R2 F2 R' D' U' R F' L' R2 U,2020-09-28 03:14:00,51.80
826,9,55.86,,L2 U2 R2 F2 L2 F' U2 B' L2 U2 B D2 R' F2 L D R' F2 D R,1996-02-10 16:12:00,55.86
827,67,08.47,,L2 B' U2 R' D2 L D2 R' B2 R' B2 R2 F2 R' D' U' R F' L' R2 U,2021-04-29 05:43:00,08.47
828,2,46.76,,L2 U2 R2 F2 L2 F' U2 B' L2 U2 B D2 R' F2 L D R' F2 D R,2015-12-18 14:13:00,46.76
829,1,60.45,,R' F' U2 D' R D' F' R U' B2 D L2 F2 D' R2 U2 B2 R2 L2 U,1998-02-01 10:26:00,60.45
830,5,31.50,,L2 B' U2 R' D2 L D2 R' B2 R' B2 R2 F2 R' D' U' R F' L' R2 U,2016-08-20 17:18:00,31.50
831,1,00.89,,R' F' U2 D' R D' F' R U' B2 D L2 F2 D' R2 U2 B2 R2 L2 U,2016-09-26 14:50:00,00.89
832,67,08.40,,L2 B' U2 R' D2 L D2 R' B2 R' B2 R2 F2 R' D' U' R F' L' R2 U,1991-11-14 02:40:00,08.40
833,3,15.35,,L2 U2 R2 F2 L2 F' U2 B' L2 U2 B D2 R' F2 L D R' F2 D R,2004-12-12 14:43:00,15.35
834,9,60.22,,R' F' U2 D' R D' F' R U' B2 D L2 F2 D' R2 U2 B2 R2 L2 U,1991-01-08 14:19:00,60.22
835,67,24.30,,L2 U2 R2 F2 L2 F' U2 B' L2 U2 B D2 R' F2 L D R' F2 D R,1993-07-11 22:42:00,24.30
836,8,48.38,,R' F' U2 D' R D' F' R U' B2 D L2 F2 D' R2 U2 B2 R2 L2 U,2005-07-05 09:29:00,48.38
837,3,26.70,,R' F' U2 D' R D' F' R U' B2 D L2 F2 D' R2 U2 B2 R2 L2 U,1997-03-05 11:19:00,26.70
838,3,01.00,,L2 B' U2 R' D2 L D2 R' B2 R' B2 R2 F2 R' D' U' R F' L' R2 U,2013-04-20 15:13:00,01.00
839,3,49.20,,L2 B' U2 R' D2 L D2 R' B2 R' B2 R2 F2 R' D' U' R F' L' R2 U,1997-11-28 20:30:00,49.20
840,1,06.45,,L2 U2 R2 F2 L2 F' U2 B' L2 U2 B D2 R' F2 L D R' F2 D R,2016-01-03 07:41:00,06.45
841,3,33.44,,R' F' U2 D' R D' F' R U' B2 D L2 F2 D' R2 U2 B2 R2 L2 U,2006-09-04 12:08:00,33.44
842,67,24.88,,R' F' U2 D' R D' F' R U' B2 D L2 F2 D' R2 U2 B2 R2 L2 U,2018-03-09 22:46:00,24.88
843,1,21.21,,L2 B' U2 R' D2 L D2 R' B2 R' B2 R2 F2 R' D' U' R F' L' R2 U,2019-03-17 06:26:00,21.21
844,3,14.01,,L2 U2 R2 F2 L2 F' U2 B' L2 U2 B D2 R' F2 L D R' F2 D R,1996-02-15 16:34:00,14.01
845,3,52.23,,L2 B' U2 R' D2 L D2 R' B2 R' B2 R2 F2 R' D' U' R F' L' R2 U,1993-12-05 19:44:00,52.23
846,5,01.81,,R' F' U2 D' R D' F' R U' B2 D L2 F2 D' R2 U2 B2 R2 L2 U,2013-06-02 10:22:00,01.81
847,4,42.56,,L2 B' U2 R' D2 L D2 R' B2 R' B2 R2 F2 R' D' U' R F' L' R2 U,2010-00-16 11:49:00,42.56
848,4,16.10,,L2 B' U2 R' D2 L D2 R' B2 R' B2 R2 F2 R' D' U' R F' L' R2 U,2011-03-30 05:02:00,16.10
849,4,03.15,,L2 B' U2 R' D2 L D2 R' B2 R' B2 R2 F2 R' D' U' R F' L' R2 U,1992-06-20 12:08:00,03.15
850,2,21.30,,L2 U2 R2 F2 L2 F' U2 B' L2 U2 B D2 R' F2 L D R' F2 D R,2021-06-03 23:00:00,21.30
851,3,31.05,,R' F' U2 D' R D' F' R U' B2 D L2 F2 D' R2 U2 B2 R2 L2 U,1993-05-17 04:09:00,31.05
852,3,05.68,,L2 U2 R2 F2 L2 F' U2 B' L2 U2 B D2 R' F2 L D R' F2 D R,2003-00-20 04:30:00,05.68
853,5,43.60,,L2 B' U2 R' D2 L D2 R' B2 R' B2 R2 F2 R' D' U' R F' L' R2 U,2001-01-12 03:57:00,43.60
854,2,35.41,,R' F' U2 D' R D' F' R U' B2 D L2 F2 D' R2 U2 B2 R2 L2 U,1991-08-18 06:24:00,35.41
855,3,14.12,,R' F' U2 D' R D' F' R U' B2 D L2 F2 D' R2 U2 B2 R2 L2 U,2015-03-21 00:05:00,14.12
856,8,47.46,,L2 U2 R2 F2 L2 F' U2 B' L2 U2 B D2 R' F2 L D R' F2 D R,2017-12-22 01:34:00,47.46
857,1,56.15,,L2 B' U2 R' D2 L D2 R' B2 R' B2 R2 F2 R' D' U' R F' L' R2 U,1996-08-11 23:60:00,56.15
858,2,16.45,,R' F' U2 D' R D' F' R U' B2 D L2 F2 D' R2 U2 B2 R2 L2 U,2005-04-29 21:00:00,16.45
859,4,35.23,,L2 B' U2 R' D2 L D2 R' B2 R' B2 R2 F2 R' D' U' R F' L' R2 U,2018-07-05 04:39:00,35.23
860,3,52.95,,R' F' U2 D' R D' F' R U' B2 D L2 F2 D' R2 U2 B2 R2 L2 U,2017-04-24 21:01:00,52.95
861,8,09.65,,L2 U2 R2 F2 L2 F' U2 B' L2 U2 B D2 R' F2 L D R' F2 D R,2008-01-28 24:26:00,09.65
862,4,58.86,,L2 B' U2 R' D2 L D2 R' B2 R' B2 R2 F2 R' D' U' R F' L' R2 U,2021-03-18 00:38:00,58.86
863,2,45.98,,L2 B' U2 R' D2 L D2 R' B2 R' B2 R2 F2 R' D' U' R F' L' R2 U,2021-10-05 13:17:00,45.98
864,9,33.72,,L2 U2 R2 F2 L2 F' U2 B' L2 U2 B D2 R' F2 L D R' F2 D R,1999-02-22 22:16:00,33.72
865,2,26.52,,L2 U2 R2 F2 L2 F' U2 B' L2 U2 B D2 R' F2 L D R' F2 D R,1992-00-21 13:05:00,26.52
866,2,00.91,,R' F' U2 D' R D' F' R U' B2 D L2 F2 D' R2 U2 B2 R2 L2 U,2008-06-28 15:52:00,00.91
867,67,50.60,,L2 B' U2 R' D2 L D2 R' B2 R' B2 R2 F2 R' D' U' R F' L' R2 U,2012-11-12 14:01:00,50.60
868,3,22.98,,R' F' U2 D' R D' F' R U' B2 D L2 F2 D' R2 U2 B2 R2 L2 U,2011-00-01 22:56:00,22.98
869,1,49.18,,L2 U2 R2 F2 L2 F' U2 B' L2 U2 B D2 R' F2 L D R' F2 D R,2004-02-10 01:02:00,49.18
870,8,18.27,,L2 B' U2 R' D2 L D2 R' B2 R' B2 R2 F2 R' D' U' R F' L' R2 U,2001-02-07 10:57:00,18.27
871,67,12.93,,L2 U2 R2 F2 L2 F' U2 B' L2 U2 B D2 R' F2 L D R' F2 D R,2014-12-27 15:03:00,12.93
872,3,43.23,,L2 U2 R2 F2 L2 F' U2 B' L2 U2 B D2 R' F2 L D R' F2 D R,1993-04-08 19:26:00,43.23
873,5,21.73,,L2 U2 R2 F2 L2 F' U2 B' L2 U2 B D2 R' F2 L D R' F2 D R,1994-12-04 10:55:00,21.73
874,1,10.36,,R' F' U2 D' R D' F' R U' B2 D L2 F2 D' R2 U2 B2 R2 L2 U,1998-06-00 11:19:00,10.36
875,67,34.13,,L2 U2 R2 F2 L2 F' U2 B' L2 U2 B D2 R' F2 L D R' F2 D R,1995-07-26 14:38:00,34.13
876,8,26.23,,L2 B' U2 R' D2 L D2 R' B2 R' B2 R2 F2 R' D' U' R F' L' R2 U,1991-09-29 13:12:00,26.23
877,0,55.98,,R' F' U2 D' R D' F' R U' B2 D L2 F2 D' R2 U2 B2 R2 L2 U,2002-00-04 23:56:00,55.98
878,3,06.11,,L2 U2 R2 F2 L2 F' U2 B' L2 U2 B D2 R' F2 L D R' F2 D R,2010-00-30 01:31:00,06.11
879,9,09.66,,R' F' U2 D' R D' F' R U' B2 D L2 F2 D' R2 U2 B2 R2 L2 U,2014-04-24 03:59:00,09.66
880,0,24.58,,L2 B' U2 R' D2 L D2 R' B2 R' B2 R2 F2 R' D' U' R F' L' R2 U,2020-05-01 10:27:00,24.58
881,0,40.96,,L2 U2 R2 F2 L2 F' U2 B' L2 U2 B D2 R' F2 L D R' F2 D R,2015-04-03 03:00:00,40.96
882,3,43.08,,L2 U2 R2 F2 L2 F' U2 B' L2 U2 B D2 R' F2 L D R' F2 D R,2020-08-29 11:28:00,43.08
883,9,17.97,,L2 B' U2 R' D2 L D2 R' B2 R' B2 R2 F2 R' D' U' R F' L' R2 U,1997-02-13 13:26:00,17.97
884,2,58.93,,L2 U2 R2 F2 L2 F' U2 B' L2 U2 B D2 R' F2 L D R' F2 D R,1994-06-25 10:06:00,58.93
885,3,01.32,,L2 B' U2 R' D2 L D2 R' B2 R' B2 R2 F2 R' D' U' R F' L' R2 U,2009-06-27 21:29:00,01.32
886,0,53.17,,L2 B' U2 R' D2 L D2 R' B2 R' B2 R2 F2 R' D' U' R F' L' R2 U,2000-11-09 08:50:00,53.17
887,3,17.99,,R' F' U2 D' R D' F' R U' B2 D L2 F2 D' R2 U2 B2 R2 L2 U,2004-02-28 01:25:00,17.99
888,1,14.43,,L2 U2 R2 F2 L2 F' U2 B' L2 U2 B D2 R' F2 L D R' F2 D R,1994-01-12 24:18:00,14.43
889,9,35.95,,R' F' U2 D' R D' F' R U' B2 D L2 F2 D' R2 U2 B2 R2 L2 U,2012-09-08 11:37:00,35.95
890,67,17.59,,L2 U2 R2 F2 L2 F' U2 B' L2 U2 B D2 R' F2 L D R' F2 D R,2002-01-13 11:49:00,17.59
891,3,55.19,,L2 U2 R2 F2 L2 F' U2 B' L2 U2 B D2 R' F2 L D R' F2 D R,1999-06-28 09:10:00,55.19
892,0,20.38,,L2 B' U2 R' D2 L D2 R' B2 R' B2 R2 F2 R' D' U' R F' L' R2 U,2000-01-20 16:43:00,20.38
893,3,21.75,,L2 U2 R2 F2 L2 F' U2 B' L2 U2 B D2 R' F2 L D R' F2 D R,2014-07-27 10:35:00,21.75
894,9,36.24,,L2 U2 R2 F2 L2 F' U2 B' L2 U2 B D2 R' F2 L D R' F2 D R,2019-03-20 13:48:00,36.24
895,8,19.79,,L2 U2 R2 F2 L2 F' U2 B' L2 U2 B D2 R' F2 L D R' F2 D R,2019-05-19 20:03:00,19.79
896,5,05.29,,L2 U2 R2 F2 L2 F' U2 B' L2 U2 B D2 R' F2 L D R' F2 D R,2020-10-14 19:26:00,05.29
897,4,58.27,,L2 U2 R2 F2 L2 F' U2 B' L2 U2 B D2 R' F2 L D R' F2 D R,2013-08-09 21:44:00,58.27
898,3,42.38,,L2 B' U2 R' D2 L D2 R' B2 R' B2 R2 F2 R' D' U' R F' L' R2 U,2003-10-16 07:28:00,42.38
899,9,57.42,,L2 U2 R2 F2 L2 F' U2 B' L2 U2 B D2 R' F2 L D R' F2 D R,1998-03-18 20:44:00,57.42
900,67,35.12,,L2 U2 R2 F2 L2 F' U2 B' L2 U2 B D2 R' F2 L D R' F2 D R,2017-02-26 13:60:00,35.12
901,67,52.79,,L2 B' U2 R' D2 L D2 R' B2 R' B2 R2 F2 R' D' U' R F' L' R2 U,2008-10-30 09:55:00,52.79
902,0,39.09,,L2 U2 R2 F2 L2 F' U2 B' L2 U2 B D2 R' F2 L D R' F2 D R,2003-08-12 21:20:00,39.09
903,3,37.70,,R' F' U2 D' R D' F' R U' B2 D L2 F2 D' R2 U2 B2 R2 L2 U,2019-06-10 17:43:00,37.70
904,5,10.95,,R' F' U2 D' R D' F' R U' B2 D L2 F2 D' R2 U2 B2 R2 L2 U,2008-03-14 22:57:00,10.95
905,67,14.09,,L2 U2 R2 F2 L2 F' U2 B' L2 U2 B D2 R' F2 L D R' F2 D R,2011-10-27 07:31:00,14.09
906,8,12.72,,R' F' U2 D' R D' F' R U' B2 D L2 F2 D' R2 U2 B2 R2 L2 U,2003-00-16 12:22:00,12.72
907,8,15.34,,L2 B' U2 R' D2 L D2 R' B2 R' B2 R2 F2 R' D' U' R F' L' R2 U,1996-06-11 05:00:00,15.34
908,2,20.74,,R' F' U2 D' R D' F' R U' B2 D L2 F2 D' R2 U2 B2 R2 L2 U,2014-11-20 21:17:00,20.74
909,4,55.41,,L2 B' U2 R' D2 L D2 R' B2 R' B2 R2 F2 R' D' U' R F' L' R2 U,2012-10-17 01:31:00,55.41
910,4,33.15,,L2 B' U2 R' D2 L D2 R' B2 R' B2 R2 F2 R' D' U' R F' L' R2 U,2010-05-01 16:23:00,33.15
911,1,40.04,,L2 U2 R2 F2 L2 F' U2 B' L2 U2 B D2 R' F2 L D R' F2 D R,2006-08-05 05:54:00,40.04
912,1,36.48,,L2 B' U2 R' D2 L D2 R' B2 R' B2 R2 F2 R' D' U' R F' L' R2 U,1992-05-17 21:42:00,36.48
913,1,08.81,,L2 U2 R2 F2 L2 F' U2 B' L2 U2 B D2 R' F2 L D R' F2 D R,1993-06-04 19:40:00,08.81
914,4,41.37,,R' F' U2 D' R D' F' R U' B2 D L2 F2 D' R2 U2 B2 R2 L2 U,1995-03-15 10:46:00,41.37
915,5,34.60,,L2 B' U2 R' D2 L D2 R' B2 R' B2 R2 F2 R' D' U' R F' L' R2 U,1996-02-16 09:14:00,34.60
916,3,38.35,,L2 B' U2 R' D2 L D2 R' B2 R' B2 R2 F2 R' D' U' R F' L' R2 U,1991-10-06 21:34:00,38.35
917,0,35.81,,R' F' U2 D' R D' F' R U' B2 D L2 F2 D' R2 U2 B2 R2 L2 U,2004-06-02 07:27:00,35.81
918,9,03.20,,R' F' U2 D' R D' F' R U' B2 D L2 F2 D' R2 U2 B2 R2 L2 U,1992-08-17 12:60:00,03.20
919,5,40.62,,R' F' U2 D' R D' F' R U' B2 D L2 F2 D' R2 U2 B2 R2 L2 U,2005-00-16 08:38:00,40.62
920,3,16.27,,R' F' U2 D' R D' F' R U' B2 D L2 F2 D' R2 U2 B2 R2 L2 U,1998-12-13 03:49:00,16.27
921,3,17.35,,L2 U2 R2 F2 L2 F' U2 B' L2 U2 B D2 R' F2 L D R' F2 D R,1990-02-18 02:57:00,17.35
922,67,38.57,,R' F' U2 D' R D' F' R U' B2 D L2 F2 D' R2 U2 B2 R2 L2 U,1991-11-26 03:56:00,38.57
923,67,29.51,,L2 B' U2 R' D2 L D2 R' B2 R' B2 R2 F2 R' D' U' R F' L' R2 U,1997-02-30 18:21:00,29.51
924,0,09.58,,L2 U2 R2 F2 L2 F' U2 B' L2 U2 B D2 R' F2 L D R' F2 D R,1995-02-30 12:39:00,09.58
925,8,51.87,,L2 U2 R2 F2 L2 F' U2 B' L2 U2 B D2 R' F2 L D R' F2 D R,1999-11-29 10:21:00,51.87
926,2,60.47,,L2 B' U2 R' D2 L D2 R' B2 R' B2 R2 F2 R' D' U' R F' L' R2 U,2021-07-17 21:59:00,60.47
927,9,39.44,,R' F' U2 D' R D' F' R U' B2 D L2 F2 D' R2 U2 B2 R2 L2 U,1995-11-28 09:48:00,39.44
928,1,05.31,,L2 B' U2 R' D2 L D2 R' B2 R' B2 R2 F2 R' D' U' R F' L' R2 U,2000-00-27 06:27:00,05.31
929,1,28.24,,L2 B' U2 R' D2 L D2 R' B2 R' B2 R2 F2 R' D' U' R F' L' R2 U,2010-12-20 12:49:00,28.24
930,3,08.55,,L2 U2 R2 F2 L2 F' U2 B' L2 U2 B D2 R' F2 L D R' F2 D R,1996-09-22 20:13:00,08.55
931,9,28.28,,L2 B' U2 R' D2 L D2 R' B2 R' B2 R2 F2 R' D' U' R F' L' R2 U,2009-09-27 16:27:00,28.28
932,9,19.31,,L2 B' U2 R' D2 L D2 R' B2 R' B2 R2 F2 R' D' U' R F' L' R2 U,2012-12-10 10:37:00,19.31
933,9,21.91,,R' F' U2 D' R D' F' R U' B2 D L2 F2 D' R2 U2 B2 R2 L2 U,1990-02-18 00:34:00,21.91
934,4,29.61,,L2 U2 R2 F2 L2 F' U2 B' L2 U2 B D2 R' F2 L D R' F2 D R,2015-10-15 05:48:00,29.61
935,67,35.73,,R' F' U2 D' R D' F' R U' B2 D L2 F2 D' R2 U2 B2 R2 L2 U,1993-11-27 01:19:00,35.73
936,9,56.69,,L2 U2 R2 F2 L2 F' U2 B' L2 U2 B D2 R' F2 L D R' F2 D R,2011-12-01 17:28:00,56.69
937,4,07.81,,L2 B' U2 R' D2 L D2 R' B2 R' B2 R2 F2 R' D' U' R F' L' R2 U,1997-01-12 12:43:00,07.81
938,3,33.93,,L2 U2 R2 F2 L2 F' U2 B' L2 U2 B D2 R' F2 L D R' F2 D R,2007-07-19 01:16:00,33.93
939,1,14.54,,L2 U2 R2 F2 L2 F' U2 B' L2 U2 B D2 R' F2 L D R' F2 D R,1996-07-07 15:02:00,14.54
940,3,06.82,,L2 B' U2 R' D2 L D2 R' B2 R' B2 R2 F2 R' D' U' R F' L' R2 U,2018-10-01 07:14:00,06.82
941,0,60.78,,R' F' U2 D' R D' F' R U' B2 D L2 F2 D' R2 U2 B2 R2 L2 U,1990-07-23 02:23:00,60.78
942,8,39.38,,L2 B' U2 R' D2 L D2 R' B2 R' B2 R2 F2 R' D' U' R F' L' R2 U,2014-02-15 18:04:00,39.38
943,1,33.81,,L2 B' U2 R' D2 L D2 R' B2 R' B2 R2 F2 R' D' U' R F' L' R2 U,2011-02-10 24:29:00,33.81
944,0,54.06,,L2 B' U2 R' D2 L D2 R' B2 R' B2 R2 F2 R' D' U' R F' L' R2 U,1995-02-09 02:48:00,54.06
945,9,60.46,,R' F' U2 D' R D' F' R U' B2 D L2 F2 D' R2 U2 B2 R2 L2 U,2009-11-28 19:00:00,60.46
946,4,46.01,,R' F' U2 D' R D' F' R U' B2 D L2 F2 D' R2 U2 B2 R2 L2 U,2013-03-03 01:00:00,46.01
947,67,36.16,,R' F' U2 D' R D' F' R U' B2 D L2 F2 D' R2 U2 B2 R2 L2 U,2002-02-13 24:11:00,36.16
948,9,32.85,,L2 B' U2 R' D2 L D2 R' B2 R' B2 R2 F2 R' D' U' R F' L' R2 U,2020-00-26 09:01:00,32.85
949,67,18.76,,L2 B' U2 R' D2 L D2 R' B2 R' B2 R2 F2 R' D' U' R F' L' R2 U,2016-05-21 22:27:00,18.76
950,4,50.38,,L2 B' U2 R' D2 L D2 R' B2 R' B2 R2 F2 R' D' U' R F' L' R2 U,2020-10-19 11:13:00,50.38
951,3,45.51,,L2 B' U2 R' D2 L D2 R' B2 R' B2 R2 F2 R' D' U' R F' L' R2 U,2020-10-06 08:32:00,45.51
952,3,11.69,,R' F' U2 D' R D' F' R U' B2 D L2 F2 D' R2 U2 B2 R2 L2 U,1999-04-23 20:30:00,11.69
953,67,23.08,,L2 B' U2 R' D2 L D2 R' B2 R' B2 R2 F2 R' D' U' R F' L' R2 U,1999-07-00 03:10:00,23.08
954,8,31.38,,L2 U2 R2 F2 L2 F' U2 B' L2 U2 B D2 R' F2 L D R' F2 D R,2020-02-10 03:45:00,31.38
955,8,32.47,,L2 B' U2 R' D2 L D2 R' B2 R' B2 R2 F2 R' D' U' R F' L' R2 U,1992-10-17 21:19:00,32.47
956,9,02.96,,L2 U2 R2 F2 L2 F' U2 B' L2 U2 B D2 R' F2 L D R' F2 D R,1996-12-19 18:54:00,02.96
957,1,51.66,,L2 B' U2 R' D2 L D2 R' B2 R' B2 R2 F2 R' D' U' R F' L' R2 U,2014-03-15 19:07:00,51.66
958,4,32.14,,L2 U2 R2 F2 L2 F' U2 B' L2 U2 B D2 R' F2 L D R' F2 D R,2021-12-14 23:11:00,32.14
959,0,30.49,,R' F' U2 D' R D' F' R U' B2 D L2 F2 D' R2 U2 B2 R2 L2 U,2012-09-10 15:48:00,30.49
960,5,59.22,,R' F' U2 D' R D' F' R U' B2 D L2 F2 D' R2 U2 B2 R2 L2 U,2005-08-13 04:47:00,59.22
961,8,57.54,,R' F' U2 D' R D' F' R U' B2 D L2 F2 D' R2 U2 B2 R2 L2 U,1999-10-25 12:12:00,57.54
962,1,48.20,,L2 B' U2 R' D2 L D2 R' B2 R' B2 R2 F2 R' D' U' R F' L' R2 U,1998-08-28 15:24:00,48.20
963,0,58.11,,L2 U2 R2 F2 L2 F' U2 B' L2 U2 B D2 R' F2 L D R' F2 D R,2005-12-19 18:58:00,58.11
964,4,05.00,,R' F' U2 D' R D' F' R U' B2 D L2 F2 D' R2 U2 B2 R2 L2 U,1998-11-30 20:60:00,05.00
965,9,25.41,,R' F' U2 D' R D' F' R U' B2 D L2 F2 D' R2 U2 B2 R2 L2 U,2012-02-15 17:50:00,25.41
966,3,13.61,,R' F' U2 D' R D' F' R U' B2 D L2 F2 D' R2 U2 B2 R2 L2 U,2013-08-24 10:04:00,13.61
967,67,25.21,,L2 B' U2 R' D2 L D2 R' B2 R' B2 R2 F2 R' D' U' R F' L' R2 U,2021-09-10 16:08:00,25.21
968,4,26.65,,R' F' U2 D' R D' F' R U' B2 D L2 F2 D' R2 U2 B2 R2 L2 U,2005-05-03 15:51:00,26.65
969,3,42.94,,R' F' U2 D' R D' F' R U' B2 D L2 F2 D' R2 U2 B2 R2 L2 U,2002-09-02 18:56:00,42.94
970,0,07.10,,L2 B' U2 R' D2 L D2 R' B2 R' B2 R2 F2 R' D' U' R F' L' R2 U,2003-04-16 01:10:00,07.10
971,0,29.54,,R' F' U2 D' R D' F' R U' B2 D L2 F2 D' R2 U2 B2 R2 L2 U,2000-04-15 07:52:00,29.54
972,0,02.74,,L2 U2 R2 F2 L2 F' U2 B' L2 U2 B D2 R' F2 L D R' F2 D R,2019-10-20 09:12:00,02.74
973,5,47.62,,L2 U2 R2 F2 L2 F' U2 B' L2 U2 B D2 R' F2 L D R' F2 D R,2004-10-22 10:32:00,47.62
974,67,46.31,,R' F' U2 D' R D' F' R U' B2 D L2 F2 D' R2 U2 B2 R2 L2 U,2000-07-16 13:54:00,46.31
975,4,57.07,,R' F' U2 D' R D' F' R U' B2 D L2 F2 D' R2 U2 B2 R2 L2 U,2013-08-08 01:19:00,57.07
976,1,22.54,,R' F' U2 D' R D' F' R U' B2 D L2 F2 D' R2 U2 B2 R2 L2 U,1990-01-17 13:25:00,22.54
977,67,11.06,,R' F' U2 D' R D' F' R U' B2 D L2 F2 D' R2 U2 B2 R2 L2 U,2009-01-22 02:20:00,11.06
978,8,48.52,,R' F' U2 D' R D' F' R U' B2 D L2 F2 D' R2 U2 B2 R2 L2 U,2005-11-05 18:31:00,48.52
979,4,08.70,,L2 U2 R2 F2 L2 F' U2 B' L2 U2 B D2 R' F2 L D R' F2 D R,2013-10-18 24:22:00,08.70
980,8,10.95,,L2 U2 R2 F2 L2 F' U2 B' L2 U2 B D2 R' F2 L D R' F2 D R,1995-01-05 18:38:00,10.95
981,8,17.42,,L2 B' U2 R' D2 L D2 R' B2 R' B2 R2 F2 R' D' U' R F' L' R2 U,1999-03-26 20:44:00,17.42
982,0,55.77,,R' F' U2 D' R D' F' R U' B2 D L2 F2 D' R2 U2 B2 R2 L2 U,1993-12-15 00:54:00,55.77
983,5,34.74,,R' F' U2 D' R D' F' R U' B2 D L2 F2 D' R2 U2 B2 R2 L2 U,1994-01-15 05:37:00,34.74
984,4,53.50,,L2 U2 R2 F2 L2 F' U2 B' L2 U2 B D2 R' F2 L D R' F2 D R,1997-02-24 09:25:00,53.50
985,3,23.04,,L2 U2 R2 F2 L2 F' U2 B' L2 U2 B D2 R' F2 L D R' F2 D R,2009-05-00 21:51:00,23.04
986,5,39.58,,R' F' U2 D' R D' F' R U' B2 D L2 F2 D' R2 U2 B2 R2 L2 U,2017-07-16 02:34:00,39.58
987,3,36.72,,L2 B' U2 R' D2 L D2 R' B2 R' B2 R2 F2 R' D' U' R F' L' R2 U,2020-09-02 24:45:00,36.72
988,4,47.31,,L2 B' U2 R' D2 L D2 R' B2 R' B2 R2 F2 R' D' U' R F' L' R2 U,2017-01-13 15:11:00,47.31
989,2,22.82,,L2 U2 R2 F2 L2 F' U2 B' L2 U2 B D2 R' F2 L D R' F2 D R,1995-11-18 21:59:00,22.82
990,3,52.37,,L2 B' U2 R' D2 L D2 R' B2 R' B2 R2 F2 R' D' U' R F' L' R2 U,2004-04-21 09:23:00,52.37
991,1,49.16,,L2 B' U2 R' D2 L D2 R' B2 R' B2 R2 F2 R' D' U' R F' L' R2 U,2015-09-15 14:01:00,49.16
992,1,57.46,,R' F' U2 D' R D' F' R U' B2 D L2 F2 D' R2 U2 B2 R2 L2 U,2016-03-20 07:19:00,57.46
993,9,23.50,,L2 U2 R2 F2 L2 F' U2 B' L2 U2 B D2 R' F2 L D R' F2 D R,2021-09-30 09:36:00,23.50
994,0,19.37,,L2 B' U2 R' D2 L D2 R' B2 R' B2 R2 F2 R' D' U' R F' L' R2 U,2018-02-30 10:47:00,19.37
995,9,51.80,,R' F' U2 D' R D' F' R U' B2 D L2 F2 D' R2 U2 B2 R2 L2 U,2003-08-12 08:02:00,51.80
996,5,55.47,,L2 B' U2 R' D2 L D2 R' B2 R' B2 R2 F2 R' D' U' R F' L' R2 U,2002-05-25 11:38:00,55.47
997,1,09.19,,R' F' U2 D' R D' F' R U' B2 D L2 F2 D' R2 U2 B2 R2 L2 U,1995-06-18 12:32:00,09.19
998,4,30.25,,R' F' U2 D' R D' F' R U' B2 D L2 F2 D' R2 U2 B2 R2 L2 U,2013-11-03 12:36:00,30.25
999,8,35.96,,R' F' U2 D' R D' F' R U' B2 D L2 F2 D' R2 U2 B2 R2 L2 U,2013-00-09 08:60:00,35.96
1000,4,48.01,,L2 U2 R2 F2 L2 F' U2 B' L2 U2 B D2 R' F2 L D R' F2 D R,2018-07-26 10:01:00,48.01
1001,9,33.61,,R' F' U2 D' R D' F' R U' B2 D L2 F2 D' R2 U2 B2 R2 L2 U,1994-02-03 01:25:00,33.61
1002,4,33.18,,L2 U2 R2 F2 L2 F' U2 B' L2 U2 B D2 R' F2 L D R' F2 D R,2015-09-28 07:42:00,33.18
1003,67,25.02,,L2 B' U2 R' D2 L D2 R' B2 R' B2 R2 F2 R' D' U' R F' L' R2 U,1996-11-27 00:28:00,25.02
1004,3,24.26,,L2 U2 R2 F2 L2 F' U2 B' L2 U2 B D2 R' F2 L D R' F2 D R,1994-06-04 15:16:00,24.26
1005,2,20.61,,L2 B' U2 R' D2 L D2 R' B2 R' B2 R2 F2 R' D' U' R F' L' R2 U,2006-08-02 13:36:00,20.61
1006,8,04.79,,L2 U2 R2 F2 L2 F' U2 B' L2 U2 B D2 R' F2 L D R' F2 D R,2007-04-14 07:38:00,04.79
1007,4,26.04,,R' F' U2 D' R D' F' R U' B2 D L2 F2 D' R2 U2 B2 R2 L2 U,1994-03-17 14:01:00,26.04
1008,0,06.50,,R' F' U2 D' R D' F' R U' B2 D L2 F2 D' R2 U2 B2 R2 L2 U,1999-12-20 02:26:00,06.50
1009,0,03.79,,L2 U2 R2 F2 L2 F' U2 B' L2 U2 B D2 R' F2 L D R' F2 D R,1998-09-09 02:18:00,03.79
1010,4,06.94,,L2 B' U2 R' D2 L D2 R' B2 R' B2 R2 F2 R' D' U' R F' L' R2 U,1995-06-09 07:44:00,06.94
1011,3,09.87,,L2 U2 R2 F2 L2 F' U2 B' L2 U2 B D2 R' F2 L D R' F2 D R,1994-11-02 14:27:00,09.87
1012,1,52.66,,L2 B' U2 R' D2 L D2 R' B2 R' B2 R2 F2 R' D' U' R F' L' R2 U,1992-04-11 10:23:00,52.66
1013,1,43.99,,L2 B' U2 R' D2 L D2 R' B2 R' B2 R2 F2 R' D' U' R F' L' R2 U,1991-04-12 09:54:00,43.99
1014,4,33.69,,R' F' U2 D' R D' F' R U' B2 D L2 F2 D' R2 U2 B2 R2 L2 U,2012-02-01 08:41:00,33.69
1015,67,15.35,,L2 U2 R2 F2 L2 F' U2 B' L2 U2 B D2 R' F2 L D R' F2 D R,2009-08-29 13:10:00,15.35
1016,9,13.48,,L2 B' U2 R' D2 L D2 R' B2 R' B2 R2 F2 R' D' U' R F' L' R2 U,2007-10-21 06:42:00,13.48
1017,9,19.65,,L2 B' U2 R' D2 L D2 R' B2 R' B2 R2 F2 R' D' U' R F' L' R2 U,2018-05-23 08:14:00,19.65
1018,3,36.45,,L2 B' U2 R' D2 L D2 R' B2 R' B2 R2 F2 R' D' U' R F' L' R2 U,1994-05-09 14:13:00,36.45
1019,3,24.76,,R' F' U2 D' R D' F' R U' B2 D L2 F2 D' R2 U2 B2 R2 L2 U,2011-05-03 02:42:00,24.76
1020,67,11.54,,L2 B' U2 R' D2 L D2 R' B2 R' B2 R2 F2 R' D' U' R F' L' R2 U,2018-01-06 16:52:00,11.54
1021,67,06.97,,L2 B' U2 R' D2 L D2 R' B2 R' B2 R2 F2 R' D' U' R F' L' R2 U,2008-03-05 03:38:00,06.97
1022,9,05.56,,L2 U2 R2 F2 L2 F' U2 B' L2 U2 B D2 R' F2 L D R' F2 D R,2001-01-09 04:38:00,05.56
1023,67,49.36,,R' F' U2 D' R D' F' R U' B2 D L2 F2 D' R2 U2 B2 R2 L2 U,2009-06-09 24:01:00,49.36
1024,8,15.58,,L2 U2 R2 F2 L2 F' U2 B' L2 U2 B D2 R' F2 L D R' F2 D R,2004-01-30 00:04:00,15.58
1025,0,22.29,,R' F' U2 D' R D' F' R U' B2 D L2 F2 D' R2 U2 B2 R2 L2 U,2000-05-14 15:29:00,22.29
1026,67,06.74,,L2 B' U2 R' D2 L D2 R' B2 R' B2 R2 F2 R' D' U' R F' L' R2 U,1994-05-05 23:20:00,06.74
1027,3,38.90,,R' F' U2 D' R D' F' R U' B2 D L2 F2 D' R2 U2 B2 R2 L2 U,2020-10-17 09:43:00,38.90
1028,1,25.15,,L2 U2 R2 F2 L2 F' U2 B' L2 U2 B D2 R' F2 L D R' F2 D R,2011-04-18 11:41:00,25.15
1029,4,35.51,,L2 U2 R2 F2 L2 F' U2 B' L2 U2 B D2 R' F2 L D R' F2 D R,1993-03-28 24:22:00,35.51
1030,5,30.28,,L2 U2 R2 F2 L2 F' U2 B' L2 U2 B D2 R' F2 L D R' F2 D R,1992-12-04 14:03:00,30.28
1031,9,57.89,,L2 U2 R2 F2 L2 F' U2 B' L2 U2 B D2 R' F2 L D R' F2 D R,2020-04-30 08:49:00,57.89
1032,3,44.43,,L2 B' U2 R' D2 L D2 R' B2 R' B2 R2 F2 R' D' U' R F' L' R2 U,2016-06-27 07:04:00,44.43
1033,2,27.88,,L2 B' U2 R' D2 L D2 R' B2 R' B2 R2 F2 R' D' U' R F' L' R2 U,2005-01-00 21:50:00,27.88
1034,67,23.31,,L2 U2 R2 F2 L2 F' U2 B' L2 U2 B D2 R' F2 L D R' F2 D R,1996-12-15 08:19:00,23.31
1035,4,27.61,,L2 B' U2 R' D2 L D2 R' B2 R' B2 R2 F2 R' D' U' R F' L' R2 U,2008-06-22 09:12:00,27.61
1036,9,16.65,,L2 B' U2 R' D2 L D2 R' B2 R' B2 R2 F2 R' D' U' R F' L' R2 U,2018-09-11 01:13:00,16.65
1037,0,38.06,,L2 U2 R2 F2 L2 F' U2 B' L2 U2 B D2 R' F2 L D R' F2 D R,2016-03-25 10:00:00,38.06
1038,5,13.57,,R' F' U2 D' R D' F' R U' B2 D L2 F2 D' R2 U2 B2 R2 L2 U,2012-10-02 08:34:00,13.57
1039,0,30.19,,L2 U2 R2 F2 L2 F' U2 B' L2 U2 B D2 R' F2 L D R' F2 D R,1999-09-18 11:21:00,30.19
1040,1,29.50,,R' F' U2 D' R D' F' R U' B2 D L2 F2 D' R2 U2 B2 R2 L2 U,2021-09-30 18:16:00,29.50
1041,8,35.29,,L2 B' U2 R' D2 L D2 R' B2 R' B2 R2 F2 R' D' U' R F' L' R2 U,2009-11-21 14:42:00,35.29
1042,0,27.64,,L2 U2 R2 F2 L2 F' U2 B' L2 U2 B D2 R' F2 L D R' F2 D R,2010-06-18 12:09:00,27.64
1043,0,50.55,,L2 U2 R2 F2 L2 F' U2 B' L2 U2 B D2 R' F2 L D R' F2 D R,2003-10-17 13:10:00,50.55
1044,1,35.63,,R' F' U2 D' R D' F' R U' B2 D L2 F2 D' R2 U2 B2 R2 L2 U,2017-01-01 07:15:00,35.63
1045,0,12.59,,R' F' U2 D' R D' F' R U' B2 D L2 F2 D' R2 U2 B2 R2 L2 U,2021-03-25 11:24:00,12.59
1046,67,36.50,,R' F' U2 D' R D' F' R U' B2 D L2 F2 D' R2 U2 B2 R2 L2 U,2001-05-28 12:28:00,36.50
1047,67,07.11,,L2 U2 R2 F2 L2 F' U2 B' L2 U2 B D2 R' F2 L D R' F2 D R,1995-12-11 02:29:00,07.11
1048,8,35.10,,R' F' U2 D' R D' F' R U' B2 D L2 F2 D' R2 U2 B2 R2 L2 U,2013-03-24 15:52:00,35.10
1049,9,42.01,,R' F' U2 D' R D' F' R U' B2 D L2 F2 D' R2 U2 B2 R2 L2 U,2018-04-08 00:05:00,42.01
1050,3,13.34,,R' F' U2 D' R D' F' R U' B2 D L2 F2 D' R2 U2 B2 R2 L2 U,1990-11-22 22:02:00,13.34
1051,5,54.20,,L2 B' U2 R' D2 L D2 R' B2 R' B2 R2 F2 R' D' U' R F' L' R2 U,2008-07-02 23:57:00,54.20
1052,0,35.91,,L2 B' U2 R' D2 L D2 R' B2 R' B2 R2 F2 R' D' U' R F' L' R2 U,2013-10-21 12:11:00,35.91
1053,8,22.45,,L2 B' U2 R' D2 L D2 R' B2 R' B2 R2 F2 R' D' U' R F' L' R2 U,2017-08-13 09:11:00,22.45
1054,3,19.64,,R' F' U2 D' R D' F' R U' B2 D L2 F2 D' R2 U2 B2 R2 L2 U,2004-03-02 23:39:00,19.64
1055,67,02.55,,L2 B' U2 R' D2 L D2 R' B2 R' B2 R2 F2 R' D' U' R F' L' R2 U,1998-04-19 04:44:00,02.55
1056,2,60.75,,L2 B' U2 R' D2 L D2 R' B2 R' B2 R2 F2 R' D' U' R F' L' R2 U,2010-12-07 07:59:00,60.75
1057,0,46.34,,L2 B' U2 R' D2 L D2 R' B2 R' B2 R2 F2 R' D' U' R F' L' R2 U,2002-10-23 17:00:00,46.34
1058,9,07.78,,R' F' U2 D' R D' F' R U' B2 D L2 F2 D' R2 U2 B2 R2 L2 U,2010-12-08 08:34:00,07.78
1059,5,38.70,,R' F' U2 D' R D' F' R U' B2 D L2 F2 D' R2 U2 B2 R2 L2 U,2020-11-16 05:31:00,38.70
1060,67,26.74,,L2 B' U2 R' D2 L D2 R' B2 R' B2 R2 F2 R' D' U' R F' L' R2 U,2012-06-23 18:23:00,26.74
1061,2,41.05,,L2 U2 R2 F2 L2 F' U2 B' L2 U2 B D2 R' F2 L D R' F2 D R,1996-01-05 13:41:00,41.05
1062,1,14.62,,L2 B' U2 R' D2 L D2 R' B2 R' B2 R2 F2 R' D' U' R F' L' R2 U,1992-10-25 01:03:00,14.62
1063,1,00.95,,L2 B' U2 R' D2 L D2 R' B2 R' B2 R2 F2 R' D' U' R F' L' R2 U,2000-12-17 14:58:00,00.95
1064,4,39.43,,R' F' U2 D' R D' F' R U' B2 D L2 F2 D' R2 U2 B2 R2 L2 U,1992-01-10 04:36:00,39.43
1065,9,34.79,,L2 B' U2 R' D2 L D2 R' B2 R' B2 R2 F2 R' D' U' R F' L' R2 U,2007-05-24 08:09:00,34.79
1066,8,46.53,,L2 B' U2 R' D2 L D2 R' B2 R' B2 R2 F2 R' D' U' R F' L' R2 U,2010-06-16 00:24:00,46.53
1067,8,16.84,,R' F' U2 D' R D' F' R U' B2 D L2 F2 D' R2 U2 B2 R2 L2 U,1997-11-06 00:48:00,16.84
1068,2,22.24,,L2 U2 R2 F2 L2 F' U2 B' L2 U2 B D2 R' F2 L D R' F2 D R,2017-02-00 01:10:00,22.24
1069,4,45.08,,L2 U2 R2 F2 L2 F' U2 B' L2 U2 B D2 R' F2 L D R' F2 D R,2009-09-11 00:38:00,45.08
1070,2,17.49,,L2 U2 R2 F2 L2 F' U2 B' L2 U2 B D2 R' F2 L D R' F2 D R,2008-12-12 09:47:00,17.49
1071,5,37.35,,L2 U2 R2 F2 L2 F' U2 B' L2 U2 B D2 R' F2 L D R' F2 D R,1999-09-04 14:14:00,37.35
1072,5,16.40,,L2 B' U2 R' D2 L D2 R' B2 R' B2 R2 F2 R' D' U' R F' L' R2 U,2013-00-24 24:06:00,16.40
1073,3,02.06,,L2 B' U2 R' D2 L D2 R' B2 R' B2 R2 F2 R' D' U' R F' L' R2 U,1995-06-05 17:02:00,02.06
1074,8,14.67,,L2 B' U2 R' D2 L D2 R' B2 R' B2 R2 F2 R' D' U' R F' L' R2 U,2015-09-30 09:57:00,14.67
1075,4,44.21,,L2 U2 R2 F2 L2 F' U2 B' L2 U2 B D2 R' F2 L D R' F2 D R,2005-03-14 00:05:00,44.21
1076,0,58.40,,L2 B' U2 R' D2 L D2 R' B2 R' B2 R2 F2 R' D' U' R F' L' R2 U,2017-04-24 21:43:00,58.40
1077,4,24.86,,L2 B' U2 R' D2 L D2 R' B2 R' B2 R2 F2 R' D' U' R F' L' R2 U,2021-03-22 16:22:00,24.86
1078,8,38.35,,R' F' U2 D' R D' F' R U' B2 D L2 F2 D' R2 U2 B2 R2 L2 U,1992-00-09 05:59:00,38.35
1079,1,45.74,,L2 U2 R2 F2 L2 F' U2 B' L2 U2 B D2 R' F2 L D R' F2 D R,2004-11-11 20:23:00,45.74
1080,67,59.67,,R' F' U2 D' R D' F' R U' B2 D L2 F2 D' R2 U2 B2 R2 L2 U,2016-11-12 10:57:00,59.67
1081,9,17.64,,L2 U2 R2 F2 L2 F' U2 B' L2 U2 B D2 R' F2 L D R' F2 D R,2019-10-25 06:25:00,17.64
1082,67,00.70,,L2 U2 R2 F2 L2 F' U2 B' L2 U2 B D2 R' F2 L D R' F2 D R,2000-06-00 23:34:00,00.70
1083,4,06.49,,L2 B' U2 R' D2 L D2 R' B2 R' B2 R2 F2 R' D' U' R F' L' R2 U,2000-06-15 07:53:00,06.49
1084,9,35.99,,L2 U2 R2 F2 L2 F' U2 B' L2 U2 B D2 R' F2 L D R' F2 D R,2003-05-07 12:23:00,35.99
1085,5,20.39,,R' F' U2 D' R D' F' R U' B2 D L2 F2 D' R2 U2 B2 R2 L2 U,1990-08-08 13:39:00,20.39
1086,1,37.86,,L2 U2 R2 F2 L2 F' U2 B' L2 U2 B D2 R' F2 L D R' F2 D R,2013-09-06 23:00:00,37.86
1087,4,17.91,,L2 B' U2 R' D2 L D2 R' B2 R' B2 R2 F2 R' D' U' R F' L' R2 U,2014-10-20 14:14:00,17.91
1088,2,39.08,,L2 U2 R2 F2 L2 F' U2 B' L2 U2 B D2 R' F2 L D R' F2 D R,2018-07-00 05:30:00,39.08
1089,2,47.34,,L2 U2 R2 F2 L2 F' U2 B' L2 U2 B D2 R' F2 L D R' F2 D R,1990-06-09 14:47:00,47.34
1090,0,10.72,,L2 U2 R2 F2 L2 F' U2 B' L2 U2 B D2 R' F2 L D R' F2 D R,2015-12-05 12:22:00,10.72
1091,5,58.62,,R' F' U2 D' R D' F' R U' B2 D L2 F2 D' R2 U2 B2 R2 L2 U,2007-12-20 10:09:00,58.62
1092,5,45.05,,R' F' U2 D' R D' F' R U' B2 D L2 F2 D' R2 U2 B2 R2 L2 U,1993-05-00 00:56:00,45.05
1093,0,27.93,,L2 U2 R2 F2 L2 F' U2 B' L2 U2 B D2 R' F2 L D R' F2 D R,2021-06-26 15:16:00,27.93
1094,0,29.60,,L2 B' U2 R' D2 L D2 R' B2 R' B2 R2 F2 R' D' U' R F' L' R2 U,2015-06-08 22:12:00,29.60
1095,0,39.30,,R' F' U2 D' R D' F' R U' B2 D L2 F2 D' R2 U2 B2 R2 L2 U,1991-02-05 14:05:00,39.30
1096,0,11.63,,L2 U2 R2 F2 L2 F' U2 B' L2 U2 B D2 R' F2 L D R' F2 D R,2005-04-05 00:45:00,11.63
1097,9,11.88,,L2 U2 R2 F2 L2 F' U2 B' L2 U2 B D2 R' F2 L D R' F2 D R,1995-06-11 04:24:00,11.88
1098,1,40.84,,L2 B' U2 R' D2 L D2 R' B2 R' B2 R2 F2 R' D' U' R F' L' R2 U,1993-02-04 16:41:00,40.84
1099,9,36.90,,R' F' U2 D' R D' F' R U' B2 D L2 F2 D' R2 U2 B2 R2 L2 U,2021-00-22 21:06:00,36.90
1100,67,01.20,,R' F' U2 D' R D' F' R U' B2 D L2 F2 D' R2 U2 B2 R2 L2 U,2020-09-00 14:04:00,01.20
1101,1,27.77,,R' F' U2 D' R D' F' R U' B2 D L2 F2 D' R2 U2 B2 R2 L2 U,2001-07-18 19:22:00,27.77
1102,0,44.36,,L2 U2 R2 F2 L2 F' U2 B' L2 U2 B D2 R' F2 L D R' F2 D R,2021-00-22 08:47:00,44.36
1103,1,00.89,,R' F' U2 D' R D' F' R U' B2 D L2 F2 D' R2 U2 B2 R2 L2 U,2002-08-16 22:09:00,00.89
1104,4,36.99,,L2 U2 R2 F2 L2 F' U2 B' L2 U2 B D2 R' F2 L D R' F2 D R,2001-06-05 04:50:00,36.99
1105,8,36.72,,L2 B' U2 R' D2 L D2 R' B2 R' B2 R2 F2 R' D' U' R F' L' R2 U,1994-08-22 19:10:00,36.72
1106,8,26.89,,L2 B' U2 R' D2 L D2 R' B2 R' B2 R2 F2 R' D' U' R F' L' R2 U,2013-01-03 04:24:00,26.89
1107,2,47.82,,L2 B' U2 R' D2 L D2 R' B2 R' B2 R2 F2 R' D' U' R F' L' R2 U,2010-08-03 01:57:00,47.82
1108,67,50.10,,R' F' U2 D' R D' F' R U' B2 D L2 F2 D' R2 U2 B2 R2 L2 U,1995-03-26 24:21:00,50.10
1109,2,36.43,,L2 B' U2 R' D2 L D2 R' B2 R' B2 R2 F2 R' D' U' R F' L' R2 U,2021-08-27 17:48:00,36.43
1110,5,39.81,,R' F' U2 D' R D' F' R U' B2 D L2 F2 D' R2 U2 B2 R2 L2 U,1992-07-29 16:11:00,39.81
1111,2,15.13,,R' F' U2 D' R D' F' R U' B2 D L2 F2 D' R2 U2 B2 R2 L2 U,2020-02-12 00:15:00,15.13
1112,67,26.01,,L2 U2 R2 F2 L2 F' U2 B' L2 U2 B D2 R' F2 L D R' F2 D R,2014-02-02 07:16:00,26.01
1113,5,35.31,,L2 B' U2 R' D2 L D2 R' B2 R' B2 R2 F2 R' D' U' R F' L' R2 U,1992-03-06 07:31:00,35.31
1114,4,00.04,,L2 B' U2 R' D2 L D2 R' B2 R' B2 R2 F2 R' D' U' R F' L' R2 U,2012-01-30 04:51:00,00.04
1115,8,35.42,,L2 U2 R2 F2 L2 F' U2 B' L2 U2 B D2 R' F2 L D R' F2 D R,1995-05-13 09:09:00,35.42
1116,1,20.48,,R' F' U2 D' R D' F' R U' B2 D L2 F2 D' R2 U2 B2 R2 L2 U,2014-10-18 24:05:00,20.48
1117,3,27.46,,L2 B' U2 R' D2 L D2 R' B2 R' B2 R2 F2 R' D' U' R F' L' R2 U,2021-11-13 24:45:00,27.46
1118,1,43.72,,L2 B' U2 R' D2 L D2 R' B2 R' B2 R2 F2 R' D' U' R F' L' R2 U,2001-12-06 03:38:00,43.72
1119,0,14.26,,R' F' U2 D' R D' F' R U' B2 D L2 F2 D' R2 U2 B2 R2 L2 U,2001-00-27 17:55:00,14.26
1120,8,10.71,,L2 U2 R2 F2 L2 F' U2 B' L2 U2 B D2 R' F2 L D R' F2 D R,1993-08-21 02:59:00,10.71
1121,8,41.19,,L2 U2 R2 F2 L2 F' U2 B' L2 U2 B D2 R' F2 L D R' F2 D R,2004-06-01 24:42:00,41.19
1122,8,40.31,,L2 B' U2 R' D2 L D2 R' B2 R' B2 R2 F2 R' D' U' R F' L' R2 U,2015-07-03 13:02:00,40.31
1123,8,01.32,,R' F' U2 D' R D' F' R U' B2 D L2 F2 D' R2 U2 B2 R2 L2 U,1997-00-29 18:49:00,01.32
1124,0,58.58,,R' F' U2 D' R D' F' R U' B2 D L2 F2 D' R2 U2 B2 R2 L2 U,2010-07-00 07:18:00,58.58
1125,5,34.40,,R' F' U2 D' R D' F' R U' B2 D L2 F2 D' R2 U2 B2 R2 L2 U,1991-02-11 14:16:00,34.40
1126,9,17.54,,L2 B' U2 R' D2 L D2 R' B2 R' B2 R2 F2 R' D' U' R F' L' R2 U,1997-08-02 02:50:00,17.54
1127,4,52.12,,R' F' U2 D' R D' F' R U' B2 D L2 F2 D' R2 U2 B2 R2 L2 U,2015-00-21 21:00:00,52.12
1128,3,35.45,,L2 B' U2 R' D2 L D2 R' B2 R' B2 R2 F2 R' D' U' R F' L' R2 U,1991-09-25 12:48:00,35.45
1129,1,37.37,,L2 B' U2 R' D2 L D2 R' B2 R' B2 R2 F2 R' D' U' R F' L' R2 U,2011-02-07 18:38:00,37.37
1130,9,57.23,,L2 U2 R2 F2 L2 F' U2 B' L2 U2 B D2 R' F2 L D R' F2 D R,2002-03-07 17:60:00,57.23
1131,67,36.23,,L2 B' U2 R' D2 L D2 R' B2 R' B2 R2 F2 R' D' U' R F' L' R2 U,1991-00-28 07:20:00,36.23
1132,1,55.10,,L2 B' U2 R' D2 L D2 R' B2 R' B2 R2 F2 R' D' U' R F' L' R2 U,2002-04-25 00:05:00,55.10
1133,1,44.58,,R' F' U2 D' R D' F' R U' B2 D L2 F2 D' R2 U2 B2 R2 L2 U,1996-01-24 08:48:00,44.58
1134,0,44.19,,R' F' U2 D' R D' F' R U' B2 D L2 F2 D' R2 U2 B2 R2 L2 U,2010-11-27 21:41:00,44.19
1135,5,01.01,,L2 U2 R2 F2 L2 F' U2 B' L2 U2 B D2 R' F2 L D R' F2 D R,2019-11-26 19:14:00,01.01
1136,9,28.97,,L2 U2 R2 F2 L2 F' U2 B' L2 U2 B D2 R' F2 L D R' F2 D R,2003-01-09 07:39:00,28.97
1137,2,19.16,,R' F' U2 D' R D' F' R U' B2 D L2 F2 D' R2 U2 B2 R2 L2 U,2007-02-03 01:52:00,19.16
1138,1,14.74,,L2 U2 R2 F2 L2 F' U2 B' L2 U2 B D2 R' F2 L D R' F2 D R,1991-02-20 06:03:00,14.74
1139,3,56.65,,R' F' U2 D' R D' F' R U' B2 D L2 F2 D' R2 U2 B2 R2 L2 U,2000-03-29 09:20:00,56.65
1140,9,43.33,,R' F' U2 D' R D' F' R U' B2 D L2 F2 D' R2 U2 B2 R2 L2 U,2004-01-17 08:23:00,43.33
1141,0,47.04,,L2 U2 R2 F2 L2 F' U2 B' L2 U2 B D2 R' F2 L D R' F2 D R,1990-09-06 22:39:00,47.04
1142,0,58.92,,R' F' U2 D' R D' F' R U' B2 D L2 F2 D' R2 U2 B2 R2 L2 U,2018-12-11 02:49:00,58.92
1143,67,47.60,,L2 B' U2 R' D2 L D2 R' B2 R' B2 R2 F2 R' D' U' R F' L' R2 U,2009-12-17 04:57:00,47.60
1144,8,21.04,,L2 B' U2 R' D2 L D2 R' B2 R' B2 R2 F2 R' D' U' R F' L' R2 U,1998-08-23 02:01:00,21.04
1145,8,56.23,,R' F' U2 D' R D' F' R U' B2 D L2 F2 D' R2 U2 B2 R2 L2 U,1997-08-04 08:26:00,56.23
1146,67,52.99,,L2 U2 R2 F2 L2 F' U2 B' L2 U2 B D2 R' F2 L D R' F2 D R,2017-10-06 22:44:00,52.99
1147,3,06.53,,L2 B' U2 R' D2 L D2 R' B2 R' B2 R2 F2 R' D' U' R F' L' R2 U,2010-00-24 02:24:00,06.53
1148,4,27.29,,L2 U2 R2 F2 L2 F' U2 B' L2 U2 B D2 R' F2 L D R' F2 D R,2021-01-19 14:17:00,27.29
1149,5,53.54,,R' F' U2 D' R D' F' R U' B2 D L2 F2 D' R2 U2 B2 R2 L2 U,2010-05-30 24:56:00,53.54
1150,4,03.96,,L2 B' U2 R' D2 L D2 R' B2 R' B2 R2 F2 R' D' U' R F' L' R2 U,2007-05-20 20:26:00,03.96
1151,9,34.53,,R' F' U2 D' R D' F' R U' B2 D L2 F2 D' R2 U2 B2 R2 L2 U,2013-06-14 01:58:00,34.53
1152,67,31.87,,L2 B' U2 R' D2 L D2 R' B2 R' B2 R2 F2 R' D' U' R F' L' R2 U,2013-05-25 04:11:00,31.87
1153,0,09.69,,L2 U2 R2 F2 L2 F' U2 B' L2 U2 B D2 R' F2 L D R' F2 D R,2004-09-19 11:52:00,09.69
1154,3,10.41,,L2 B' U2 R' D2 L D2 R' B2 R' B2 R2 F2 R' D' U' R F' L' R2 U,2002-10-27 11:34:00,10.41
1155,5,29.84,,L2 B' U2 R' D2 L D2 R' B2 R' B2 R2 F2 R' D' U' R F' L' R2 U,1994-01-07 14:38:00,29.84
1156,67,39.62,,L2 B' U2 R' D2 L D2 R' B2 R' B2 R2 F2 R' D' U' R F' L' R2 U,1996-07-20 21:42:00,39.62
1157,5,21.85,,L2 B' U2 R' D2 L D2 R' B2 R' B2 R2 F2 R' D' U' R F' L' R2 U,2016-08-13 06:35:00,21.85
1158,3,30.23,,L2 B' U2 R' D2 L D2 R' B2 R' B2 R2 F2 R' D' U' R F' L' R2 U,2010-02-00 05:60:00,30.23
1159,3,18.52,,L2 U2 R2 F2 L2 F' U2 B' L2 U2 B D2 R' F2 L D R' F2 D R,1998-03-27 17:21:00,18.52
1160,3,31.95,,R' F' U2 D' R D' F' R U' B2 D L2 F2 D' R2 U2 B2 R2 L2 U,1993-12-05 05:21:00,31.95
1161,1,17.16,,L2 B' U2 R' D2 L D2 R' B2 R' B2 R2 F2 R' D' U' R F' L' R2 U,1995-12-06 03:34:00,17.16
1162,9,15.99,,L2 U2 R2 F2 L2 F' U2 B' L2 U2 B D2 R' F2 L D R' F2 D R,2004-11-27 00:22:00,15.99
1163,3,27.71,,L2 U2 R2 F2 L2 F' U2 B' L2 U2 B D2 R' F2 L D R' F2 D R,2001-00-11 16:34:00,27.71
1164,1,21.24,,L2 U2 R2 F2 L2 F' U2 B' L2 U2 B D2 R' F2 L D R' F2 D R,1998-12-13 00:06:00,21.24
1165,0,01.10,,L2 U2 R2 F2 L2 F' U2 B' L2 U2 B D2 R' F2 L D R' F2 D R,2012-03-17 05:19:00,01.10
1166,2,19.20,,L2 U2 R2 F2 L2 F' U2 B' L2 U2 B D2 R' F2 L D R' F2 D R,1992-03-22 18:16:00,19.20
1167,0,36.49,,L2 U2 R2 F2 L2 F' U2 B' L2 U2 B D2 R' F2 L D R' F2 D R,2001-09-03 16:41:00,36.49
1168,67,45.58,,L2 B' U2 R' D2 L D2 R' B2 R' B2 R2 F2 R' D' U' R F' L' R2 U,1994-01-01 05:25:00,45.58
1169,3,56.68,,L2 U2 R2 F2 L2 F' U2 B' L2 U2 B D2 R' F2 L D R' F2 D R,1995-04-18 07:35:00,56.68
1170,0,25.91,,R' F' U2 D' R D' F' R U' B2 D L2 F2 D' R2 U2 B2 R2 L2 U,2013-06-15 23:52:00,25.91
1171,3,14.32,,R' F' U2 D' R D' F' R U' B2 D L2 F2 D' R2 U2 B2 R2 L2 U,2015-00-15 06:46:00,14.32
1172,3,04.95,,L2 B' U2 R' D2 L D2 R' B2 R' B2 R2 F2 R' D' U' R F' L' R2 U,2006-09-06 21:22:00,04.95
1173,8,17.33,,L2 U2 R2 F2 L2 F' U2 B' L2 U2 B D2 R' F2 L D R' F2 D R,2019-04-03 16:36:00,17.33
1174,4,19.73,,L2 B' U2 R' D2 L D2 R' B2 R' B2 R2 F2 R' D' U' R F' L' R2 U,1996-08-10 05:15:00,19.73
1175,2,01.61,,L2 B' U2 R' D2 L D2 R' B2 R' B2 R2 F2 R' D' U' R F' L' R2 U,1997-01-22 09:24:00,01.61
1176,3,46.07,,R' F' U2 D' R D' F' R U' B2 D L2 F2 D' R2 U2 B2 R2 L2 U,2011-03-29 24:49:00,46.07
1177,0,19.43,,L2 B' U2 R' D2 L D2 R' B2 R' B2 R2 F2 R' D' U' R F' L' R2 U,1993-08-30 14:55:00,19.43
1178,0,55.71,,L2 U2 R2 F2 L2 F' U2 B' L2 U2 B D2 R' F2 L D R' F2 D R,1994-03-16 04:08:00,55.71
1179,1,38.13,,R' F' U2 D' R D' F' R U' B2 D L2 F2 D' R2 U2 B2 R2 L2 U,1997-11-24 15:06:00,38.13
1180,0,30.03,,L2 U2 R2 F2 L2 F' U2 B' L2 U2 B D2 R' F2 L D R' F2 D R,2021-03-07 03:41:00,30.03
1181,8,52.28,,L2 B' U2 R' D2 L D2 R' B2 R' B2 R2 F2 R' D' U' R F' L' R2 U,1993-02-27 02:01:00,52.28
1182,2,08.34,,R' F' U2 D' R D' F' R U' B2 D L2 F2 D' R2 U2 B2 R2 L2 U,2018-07-09 19:31:00,08.34
1183,3,28.11,,L2 B' U2 R' D2 L D2 R' B2 R' B2 R2 F2 R' D' U' R F' L' R2 U,2016-09-15 23:55:00,28.11
1184,8,19.20,,L2 U2 R2 F2 L2 F' U2 B' L2 U2 B D2 R' F2 L D R' F2 D R,2016-10-22 22:10:00,19.20
1185,2,17.51,,L2 U2 R2 F2 L2 F' U2 B' L2 U2 B D2 R' F2 L D R' F2 D R,2019-10-13 04:12:00,17.51
1186,67,17.53,,R' F' U2 D' R D' F' R U' B2 D L2 F2 D' R2 U2 B2 R2 L2 U,1990-07-19 20:30:00,17.53
1187,5,24.33,,L2 U2 R2 F2 L2 F' U2 B' L2 U2 B D2 R' F2 L D R' F2 D R,2012-11-23 13:07:00,24.33
1188,9,08.55,,L2 U2 R2 F2 L2 F' U2 B' L2 U2 B D2 R' F2 L D R' F2 D R,1999-01-19 12:34:00,08.55
1189,2,15.97,,L2 B' U2 R' D2 L D2 R' B2 R' B2 R2 F2 R' D' U' R F' L' R2 U,2003-01-00 16:27:00,15.97
1190,3,52.00,,L2 U2 R2 F2 L2 F' U2 B' L2 U2 B D2 R' F2 L D R' F2 D R,2005-01-30 14:33:00,52.00
1191,1,41.73,,L2 B' U2 R' D2 L D2 R' B2 R' B2 R2 F2 R' D' U' R F' L' R2 U,2011-02-27 02:17:00,41.73
1192,5,28.78,,L2 U2 R2 F2 L2 F' U2 B' L2 U2 B D2 R' F2 L D R' F2 D R,2003-11-11 23:07:00,28.78
1193,2,48.01,,R' F' U2 D' R D' F' R U' B2 D L2 F2 D' R2 U2 B2 R2 L2 U,1996-05-14 02:46:00,48.01
1194,2,53.48,,L2 U2 R2 F2 L2 F' U2 B' L2 U2 B D2 R' F2 L D R' F2 D R,1995-12-23 13:18:00,53.48
1195,8,58.09,,L2 U2 R2 F2 L2 F' U2 B' L2 U2 B D2 R' F2 L D R' F2 D R,2014-01-30 21:12:00,58.09
1196,67,14.98,,L2 B' U2 R' D2 L D2 R' B2 R' B2 R2 F2 R' D' U' R F' L' R2 U,2017-00-22 22:09:00,14.98
1197,67,57.11,,R' F' U2 D' R D' F' R U' B2 D L2 F2 D' R2 U2 B2 R2 L2 U,2005-04-19 16:16:00,57.11
1198,8,57.83,,L2 B' U2 R' D2 L D2 R' B2 R' B2 R2 F2 R' D' U' R F' L' R2 U,2001-10-08 16:09:00,57.83
1199,67,59.82,,L2 B' U2 R' D2 L D2 R' B2 R' B2 R2 F2 R' D' U' R F' L' R2 U,2017-07-20 15:27:00,59.82
1200,9,47.43,,R' F' U2 D' R D' F' R U' B2 D L2 F2 D' R2 U2 B2 R2 L2 U,2016-03-05 07:47:00,47.43
1201,8,49.14,,R' F' U2 D' R D' F' R U' B2 D L2 F2 D' R2 U2 B2 R2 L2 U,2006-06-18 19:58:00,49.14
1202,0,22.69,,R' F' U2 D' R D' F' R U' B2 D L2 F2 D' R2 U2 B2 R2 L2 U,2007-06-02 16:22:00,22.69
1203,2,57.18,,L2 B' U2 R' D2 L D2 R' B2 R' B2 R2 F2 R' D' U' R F' L' R2 U,2020-11-27 22:54:00,57.18
1204,8,26.01,,L2 B' U2 R' D2 L D2 R' B2 R' B2 R2 F2 R' D' U' R F' L' R2 U,2017-02-20 15:15:00,26.01
1205,9,33.41,,L2 B' U2 R' D2 L D2 R' B2 R' B2 R2 F2 R' D' U' R F' L' R2 U,2000-07-15 11:36:00,33.41
1206,9,41.19,,L2 B' U2 R' D2 L D2 R' B2 R' B2 R2 F2 R' D' U' R F' L' R2 U,2013-00-16 14:02:00,41.19
1207,2,21.89,,R' F' U2 D' R D' F' R U' B2 D L2 F2 D' R2 U2 B2 R2 L2 U,1993-09-02 08:49:00,21.89
1208,5,49.71,,L2 U2 R2 F2 L2 F' U2 B' L2 U2 B D2 R' F2 L D R' F2 D R,2014-07-25 14:10:00,49.71
1209,0,34.26,,L2 U2 R2 F2 L2 F' U2 B' L2 U2 B D2 R' F2 L D R' F2 D R,2007-02-26 05:26:00,34.26
1210,1,57.00,,L2 U2 R2 F2 L2 F' U2 B' L2 U2 B D2 R' F2 L D R' F2 D R,2009-06-07 09:45:00,57.00